Bezeichnung,jobs,Lohn,Nähe,number_to_merge,Sektor,Bezeichnung_Jobs,3dig_code,Deutschland,Berlin,Brandenburg
111 Landwirtschaft,"['Graders and Sorters, Agricultural Products']",9.99,84.0,111,1,"111 Landwirtschaft['Graders and Sorters, Agricultural Products']",111,2161.0,,1933.0
111 Landwirtschaft,['Farm and Home Management Advisors'],9.99,43.0,111,1,111 Landwirtschaft['Farm and Home Management Advisors'],111,2161.0,,1933.0
111 Landwirtschaft,"['Agricultural Equipment Operators', 'Farmworkers, Farm, Ranch, and Aquacultural Animals', 'Nursery Workers', 'Farmworkers and Laborers, Crop']",9.99,41.5,111,1,"111 Landwirtschaft['Agricultural Equipment Operators', 'Farmworkers, Farm, Ranch, and Aquacultural Animals', 'Nursery Workers', 'Farmworkers and Laborers, Crop']",111,2161.0,,1933.0
111 Landwirtschaft,['Agricultural Inspectors'],9.99,68.0,111,1,111 Landwirtschaft['Agricultural Inspectors'],111,2161.0,,1933.0
111 Landwirtschaft,"['Farm and Ranch Managers', 'Aquacultural Managers', 'Nursery and Greenhouse Managers']",9.99,55.66666667,111,1,"111 Landwirtschaft['Farm and Ranch Managers', 'Aquacultural Managers', 'Nursery and Greenhouse Managers']",111,2161.0,,1933.0
111 Landwirtschaft,['Agricultural Engineers'],9.99,45.0,111,1,111 Landwirtschaft['Agricultural Engineers'],111,2161.0,,1933.0
113 Pferdewirtschaft,['Animal Breeders'],8.84,33.0,113,1,113 Pferdewirtschaft['Animal Breeders'],113,1840.0,,
114 Fischwirtschaft,['Fishers and Related Fishing Workers'],10.0,70.0,114,1,114 Fischwirtschaft['Fishers and Related Fishing Workers'],114,2104.0,,
114 Fischwirtschaft,"['First-Line Supervisors of Animal Husbandry and Animal Care Workers', 'First-Line Supervisors of Agricultural Crop and Horticultural Workers', 'First-Line Supervisors of Aquacultural Workers', 'First-Line Supervisors of Logging Workers']",10.0,45.5,114,1,"114 Fischwirtschaft['First-Line Supervisors of Animal Husbandry and Animal Care Workers', 'First-Line Supervisors of Agricultural Crop and Horticultural Workers', 'First-Line Supervisors of Aquacultural Workers', 'First-Line Supervisors of Logging Workers']",114,2104.0,,
115 Tierpflege,['Animal Trainers'],10.28,62.0,115,1,115 Tierpflege['Animal Trainers'],115,2217.0,2926.0,1829.0
115 Tierpflege,['Animal Control Workers'],10.28,54.0,115,1,115 Tierpflege['Animal Control Workers'],115,2217.0,2926.0,1829.0
115 Tierpflege,['Nonfarm Animal Caretakers'],10.28,66.0,115,1,115 Tierpflege['Nonfarm Animal Caretakers'],115,2217.0,2926.0,1829.0
"117 Forst-,Jagdwirtschaft, Landschaftspflege",['Forest and Conservation Workers'],15.91,67.0,117,1,"117 Forst-,Jagdwirtschaft, Landschaftspflege['Forest and Conservation Workers']",117,3196.0,,3074.0
"117 Forst-,Jagdwirtschaft, Landschaftspflege","['Log Graders and Scalers', 'Logging Equipment Operators', 'Fallers']",15.91,23.0,117,1,"117 Forst-,Jagdwirtschaft, Landschaftspflege['Log Graders and Scalers', 'Logging Equipment Operators', 'Fallers']",117,3196.0,,3074.0
"117 Forst-,Jagdwirtschaft, Landschaftspflege",['Hunters and Trappers'],15.91,17.0,117,1,"117 Forst-,Jagdwirtschaft, Landschaftspflege['Hunters and Trappers']",117,3196.0,,3074.0
121 Gartenbau,"['First-Line Supervisors of Landscaping, Lawn Service, and Groundskeeping Workers', 'First-Line Supervisors of Housekeeping and Janitorial Workers']",12.14,61.5,121,1,"121 Gartenbau['First-Line Supervisors of Landscaping, Lawn Service, and Groundskeeping Workers', 'First-Line Supervisors of Housekeeping and Janitorial Workers']",121,2562.0,2547.0,2033.9999999999998
121 Gartenbau,"['Tree Trimmers and Pruners', 'Pesticide Handlers, Sprayers, and Applicators, Vegetation', 'Landscaping and Groundskeeping Workers']",12.14,54.66666667,121,1,"121 Gartenbau['Tree Trimmers and Pruners', 'Pesticide Handlers, Sprayers, and Applicators, Vegetation', 'Landscaping and Groundskeeping Workers']",121,2562.0,2547.0,2033.9999999999998
"211 Berg-, Tagebau und Sprengtechnik","['Explosives Workers, Ordnance Handling Experts, and Blasters']",20.85,66.0,211,2,"211 Berg-, Tagebau und Sprengtechnik['Explosives Workers, Ordnance Handling Experts, and Blasters']",211,4109.0,,4029.0
"211 Berg-, Tagebau und Sprengtechnik","['Continuous Mining Machine Operators', 'Mine Cutting and Channeling Machine Operators']",20.85,56.0,211,2,"211 Berg-, Tagebau und Sprengtechnik['Continuous Mining Machine Operators', 'Mine Cutting and Channeling Machine Operators']",211,4109.0,,4029.0
"211 Berg-, Tagebau und Sprengtechnik",['Mine Shuttle Car Operators'],20.85,49.0,211,2,"211 Berg-, Tagebau und Sprengtechnik['Mine Shuttle Car Operators']",211,4109.0,,4029.0
"211 Berg-, Tagebau und Sprengtechnik","['Rock Splitters, Quarry']",20.85,43.0,211,2,"211 Berg-, Tagebau und Sprengtechnik['Rock Splitters, Quarry']",211,4109.0,,4029.0
"211 Berg-, Tagebau und Sprengtechnik","['Mining and Geological Engineers, Including Mining Safety Engineers']",20.85,48.0,211,2,"211 Berg-, Tagebau und Sprengtechnik['Mining and Geological Engineers, Including Mining Safety Engineers']",211,4109.0,,4029.0
"212 Naturstein-,Mineral-,Baustoffherstell.","['Stonemasons', 'Brickmasons and Blockmasons']",15.23,81.5,212,2,"212 Naturstein-,Mineral-,Baustoffherstell.['Stonemasons', 'Brickmasons and Blockmasons']",212,3009.0,,2782.0
"213 Industrielle Glasherstell.,-verarbeitung",['Glaziers'],14.17,69.0,213,2,"213 Industrielle Glasherstell.,-verarbeitung['Glaziers']",213,2708.0,2878.0,2063.0
"221 Kunststoff,Kautschukherstell.,verarbeit","['Forging Machine Setters, Operators, and Tenders, Metal and Plastic', 'Extruding and Drawing Machine Setters, Operators, and Tenders, Metal and Plastic', 'Rolling Machine Setters, Operators, and Tenders, Metal and Plastic']",14.09,58.33333333,221,2,"221 Kunststoff,Kautschukherstell.,verarbeit['Forging Machine Setters, Operators, and Tenders, Metal and Plastic', 'Extruding and Drawing Machine Setters, Operators, and Tenders, Metal and Plastic', 'Rolling Machine Setters, Operators, and Tenders, Metal and Plastic']",221,2672.0,2147.0,2196.0
"221 Kunststoff,Kautschukherstell.,verarbeit","['Multiple Machine Tool Setters, Operators, and Tenders, Metal and Plastic']",14.09,58.0,221,2,"221 Kunststoff,Kautschukherstell.,verarbeit['Multiple Machine Tool Setters, Operators, and Tenders, Metal and Plastic']",221,2672.0,2147.0,2196.0
"221 Kunststoff,Kautschukherstell.,verarbeit","['Computer Numerically Controlled Machine Tool Programmers, Metal and Plastic', 'Computer-Controlled Machine Tool Operators, Metal and Plastic']",14.09,54.0,221,2,"221 Kunststoff,Kautschukherstell.,verarbeit['Computer Numerically Controlled Machine Tool Programmers, Metal and Plastic', 'Computer-Controlled Machine Tool Operators, Metal and Plastic']",221,2672.0,2147.0,2196.0
223 Holzbe- und -verarbeitung,['Furniture Finishers'],14.0,54.0,223,2,223 Holzbe- und -verarbeitung['Furniture Finishers'],223,2674.0,2269.0,2086.0
223 Holzbe- und -verarbeitung,"['Sawing Machine Setters, Operators, and Tenders, Wood', 'Woodworking Machine Setters, Operators, and Tenders, Except Sawing']",14.0,54.0,223,2,"223 Holzbe- und -verarbeitung['Sawing Machine Setters, Operators, and Tenders, Wood', 'Woodworking Machine Setters, Operators, and Tenders, Except Sawing']",223,2674.0,2269.0,2086.0
223 Holzbe- und -verarbeitung,['Cabinetmakers and Bench Carpenters'],14.0,55.0,223,2,223 Holzbe- und -verarbeitung['Cabinetmakers and Bench Carpenters'],223,2674.0,2269.0,2086.0
232 Technische Mediengestaltung,['Photographers'],16.08,68.0,232,2,232 Technische Mediengestaltung['Photographers'],232,3000.0,3086.0,2114.0
232 Technische Mediengestaltung,['Desktop Publishers'],16.08,45.0,232,2,232 Technische Mediengestaltung['Desktop Publishers'],232,3000.0,3086.0,2114.0
233 Fototechnik und Fotografie,['Audio-Visual and Multimedia Collections Specialists'],13.37,59.0,233,2,233 Fototechnik und Fotografie['Audio-Visual and Multimedia Collections Specialists'],233,2614.0,,
233 Fototechnik und Fotografie,['Photographic Process Workers and Processing Machine Operators'],13.37,58.0,233,2,233 Fototechnik und Fotografie['Photographic Process Workers and Processing Machine Operators'],233,2614.0,,
"234 Drucktechnik,-weiterverarb.,Buchbinderei","['Prepress Technicians and Workers', 'Print Binding and Finishing Workers', 'Printing Press Operators']",16.0,51.0,234,2,"234 Drucktechnik,-weiterverarb.,Buchbinderei['Prepress Technicians and Workers', 'Print Binding and Finishing Workers', 'Printing Press Operators']",234,2911.0,2805.0,2305.0
"234 Drucktechnik,-weiterverarb.,Buchbinderei",['Conveyor Operators and Tenders'],16.0,37.0,234,2,"234 Drucktechnik,-weiterverarb.,Buchbinderei['Conveyor Operators and Tenders']",234,2911.0,2805.0,2305.0
"234 Drucktechnik,-weiterverarb.,Buchbinderei","['Pressers, Textile, Garment, and Related Materials']",16.0,35.0,234,2,"234 Drucktechnik,-weiterverarb.,Buchbinderei['Pressers, Textile, Garment, and Related Materials']",234,2911.0,2805.0,2305.0
241 Metallerzeugung,['Boilermakers'],20.53,69.0,241,2,241 Metallerzeugung['Boilermakers'],241,3657.0,,3254.0
241 Metallerzeugung,"['Pourers and Casters, Metal', 'Metal-Refining Furnace Operators and Tenders']",20.53,50.0,241,2,"241 Metallerzeugung['Pourers and Casters, Metal', 'Metal-Refining Furnace Operators and Tenders']",241,3657.0,,3254.0
241 Metallerzeugung,"['Foundry Mold and Coremakers', 'Molding, Coremaking, and Casting Machine Setters, Operators, and Tenders, Metal and Plastic']",20.53,68.5,241,2,"241 Metallerzeugung['Foundry Mold and Coremakers', 'Molding, Coremaking, and Casting Machine Setters, Operators, and Tenders, Metal and Plastic']",241,3657.0,,3254.0
242 Metallbearbeitung,['Structural Iron and Steel Workers'],17.47,87.0,242,2,242 Metallbearbeitung['Structural Iron and Steel Workers'],242,3265.0,3107.0,2385.0
242 Metallbearbeitung,"['Extruding, Forming, Pressing, and Compacting Machine Setters, Operators, and Tenders']",17.47,66.0,242,2,"242 Metallbearbeitung['Extruding, Forming, Pressing, and Compacting Machine Setters, Operators, and Tenders']",242,3265.0,3107.0,2385.0
242 Metallbearbeitung,"['Electromechanical Equipment Assemblers', 'Coil Winders, Tapers, and Finishers', 'Electrical and Electronic Equipment Assemblers']",17.47,58.66666667,242,2,"242 Metallbearbeitung['Electromechanical Equipment Assemblers', 'Coil Winders, Tapers, and Finishers', 'Electrical and Electronic Equipment Assemblers']",242,3265.0,3107.0,2385.0
242 Metallbearbeitung,"['Layout Workers, Metal and Plastic', 'Plating and Coating Machine Setters, Operators, and Tenders, Metal and Plastic', 'Tool Grinders, Filers, and Sharpeners', 'Heat Treating Equipment Setters, Operators, and Tenders, Metal and Plastic']",17.47,56.0,242,2,"242 Metallbearbeitung['Layout Workers, Metal and Plastic', 'Plating and Coating Machine Setters, Operators, and Tenders, Metal and Plastic', 'Tool Grinders, Filers, and Sharpeners', 'Heat Treating Equipment Setters, Operators, and Tenders, Metal and Plastic']",242,3265.0,3107.0,2385.0
242 Metallbearbeitung,"['Lathe and Turning Machine Tool Setters, Operators, and Tenders, Metal and Plastic', 'Grinding, Lapping, Polishing, and Buffing Machine Tool Setters, Operators, and Tenders, Metal and Plastic', 'Cutting, Punching, and Press Machine Setters, Operators, and Tenders, Metal and Plastic', 'Milling and Planing Machine Setters, Operators, and Tenders, Metal and Plastic', 'Drilling and Boring Machine Tool Setters, Operators, and Tenders, Metal and Plastic']",17.47,50.8,242,2,"242 Metallbearbeitung['Lathe and Turning Machine Tool Setters, Operators, and Tenders, Metal and Plastic', 'Grinding, Lapping, Polishing, and Buffing Machine Tool Setters, Operators, and Tenders, Metal and Plastic', 'Cutting, Punching, and Press Machine Setters, Operators, and Tenders, Metal and Plastic', 'Milling and Planing Machine Setters, Operators, and Tenders, Metal and Plastic', 'Drilling and Boring Machine Tool Setters, Operators, and Tenders, Metal and Plastic']",242,3265.0,3107.0,2385.0
242 Metallbearbeitung,"['Crushing, Grinding, and Polishing Machine Setters, Operators, and Tenders', 'Grinding and Polishing Workers, Hand', 'Mixing and Blending Machine Setters, Operators, and Tenders']",17.47,45.33333333,242,2,"242 Metallbearbeitung['Crushing, Grinding, and Polishing Machine Setters, Operators, and Tenders', 'Grinding and Polishing Workers, Hand', 'Mixing and Blending Machine Setters, Operators, and Tenders']",242,3265.0,3107.0,2385.0
243 Metalloberflächenbehandlung,['Semiconductor Processors'],15.22,60.0,243,2,243 Metalloberflächenbehandlung['Semiconductor Processors'],243,3070.0,2747.0,2504.0
243 Metalloberflächenbehandlung,"['Coating, Painting, and Spraying Machine Setters, Operators, and Tenders', 'Painting, Coating, and Decorating Workers', 'Painters, Transportation Equipment']",15.22,60.0,243,2,"243 Metalloberflächenbehandlung['Coating, Painting, and Spraying Machine Setters, Operators, and Tenders', 'Painting, Coating, and Decorating Workers', 'Painters, Transportation Equipment']",243,3070.0,2747.0,2504.0
244 Metallbau und Schweißtechnik,['Sheet Metal Workers'],14.98,67.0,244,2,244 Metallbau und Schweißtechnik['Sheet Metal Workers'],244,3018.0,2698.0,2329.0
244 Metallbau und Schweißtechnik,['Structural Metal Fabricators and Fitters'],14.98,60.0,244,2,244 Metallbau und Schweißtechnik['Structural Metal Fabricators and Fitters'],244,3018.0,2698.0,2329.0
244 Metallbau und Schweißtechnik,"['Welding, Soldering, and Brazing Machine Setters, Operators, and Tenders', 'Solderers and Brazers', 'Welders, Cutters, and Welder Fitters']",14.98,46.66666667,244,2,"244 Metallbau und Schweißtechnik['Welding, Soldering, and Brazing Machine Setters, Operators, and Tenders', 'Solderers and Brazers', 'Welders, Cutters, and Welder Fitters']",244,3018.0,2698.0,2329.0
245 Feinwerk- und Werkzeugtechnik,['Tool and Die Makers'],18.41,57.0,245,2,245 Feinwerk- und Werkzeugtechnik['Tool and Die Makers'],245,3735.0,3262.0,2723.0
251 Maschinenbau- und Betriebstechnik,"['Refractory Materials Repairers, Except Brickmasons', 'Maintenance Workers, Machinery', 'Industrial Machinery Mechanics', 'Millwrights']",19.51,75.5,251,2,"251 Maschinenbau- und Betriebstechnik['Refractory Materials Repairers, Except Brickmasons', 'Maintenance Workers, Machinery', 'Industrial Machinery Mechanics', 'Millwrights']",251,3709.0,3520.0,2707.0
251 Maschinenbau- und Betriebstechnik,"['First-Line Supervisors of Mechanics, Installers, and Repairers']",19.51,69.0,251,2,"251 Maschinenbau- und Betriebstechnik['First-Line Supervisors of Mechanics, Installers, and Repairers']",251,3709.0,3520.0,2707.0
251 Maschinenbau- und Betriebstechnik,"['Maintenance and Repair Workers, General']",19.51,69.0,251,2,"251 Maschinenbau- und Betriebstechnik['Maintenance and Repair Workers, General']",251,3709.0,3520.0,2707.0
251 Maschinenbau- und Betriebstechnik,['Engine and Other Machine Assemblers'],19.51,69.0,251,2,251 Maschinenbau- und Betriebstechnik['Engine and Other Machine Assemblers'],251,3709.0,3520.0,2707.0
251 Maschinenbau- und Betriebstechnik,['First-Line Supervisors of Transportation and Material-Moving Machine and Vehicle Operators'],19.51,66.0,251,2,251 Maschinenbau- und Betriebstechnik['First-Line Supervisors of Transportation and Material-Moving Machine and Vehicle Operators'],251,3709.0,3520.0,2707.0
251 Maschinenbau- und Betriebstechnik,['Elevator Installers and Repairers'],19.51,64.0,251,2,251 Maschinenbau- und Betriebstechnik['Elevator Installers and Repairers'],251,3709.0,3520.0,2707.0
251 Maschinenbau- und Betriebstechnik,['Stationary Engineers and Boiler Operators'],19.51,60.0,251,2,251 Maschinenbau- und Betriebstechnik['Stationary Engineers and Boiler Operators'],251,3709.0,3520.0,2707.0
"252 Fahrzeug-Luft-Raumfahrt-,Schiffbautechn.",['Bus and Truck Mechanics and Diesel Engine Specialists'],16.21,62.0,252,2,"252 Fahrzeug-Luft-Raumfahrt-,Schiffbautechn.['Bus and Truck Mechanics and Diesel Engine Specialists']",252,3265.0,3033.0,2473.0
"252 Fahrzeug-Luft-Raumfahrt-,Schiffbautechn.",['Aircraft Mechanics and Service Technicians'],16.21,54.0,252,2,"252 Fahrzeug-Luft-Raumfahrt-,Schiffbautechn.['Aircraft Mechanics and Service Technicians']",252,3265.0,3033.0,2473.0
"252 Fahrzeug-Luft-Raumfahrt-,Schiffbautechn.","['Automotive Master Mechanics', 'Automotive Specialty Technicians', 'Automotive Glass Installers and Repairers', 'Automotive Body and Related Repairers']",16.21,51.0,252,2,"252 Fahrzeug-Luft-Raumfahrt-,Schiffbautechn.['Automotive Master Mechanics', 'Automotive Specialty Technicians', 'Automotive Glass Installers and Repairers', 'Automotive Body and Related Repairers']",252,3265.0,3033.0,2473.0
"252 Fahrzeug-Luft-Raumfahrt-,Schiffbautechn.","['Fuel Cell Engineers', 'Mechanical Engineers', 'Automotive Engineers']",16.21,50.66666667,252,2,"252 Fahrzeug-Luft-Raumfahrt-,Schiffbautechn.['Fuel Cell Engineers', 'Mechanical Engineers', 'Automotive Engineers']",252,3265.0,3033.0,2473.0
"252 Fahrzeug-Luft-Raumfahrt-,Schiffbautechn.","['Motorcycle Mechanics', 'Outdoor Power Equipment and Other Small Engine Mechanics', 'Motorboat Mechanics and Service Technicians']",16.21,53.33333333,252,2,"252 Fahrzeug-Luft-Raumfahrt-,Schiffbautechn.['Motorcycle Mechanics', 'Outdoor Power Equipment and Other Small Engine Mechanics', 'Motorboat Mechanics and Service Technicians']",252,3265.0,3033.0,2473.0
"252 Fahrzeug-Luft-Raumfahrt-,Schiffbautechn.",['Aerospace Engineers'],16.21,50.0,252,2,"252 Fahrzeug-Luft-Raumfahrt-,Schiffbautechn.['Aerospace Engineers']",252,3265.0,3033.0,2473.0
262 Energietechnik,"['Nuclear Equipment Operation Technicians', 'Nuclear Monitoring Technicians']",16.77,71.0,262,2,"262 Energietechnik['Nuclear Equipment Operation Technicians', 'Nuclear Monitoring Technicians']",262,3516.0,3072.0,2708.0
262 Energietechnik,['Solar Photovoltaic Installers'],16.77,68.0,262,2,262 Energietechnik['Solar Photovoltaic Installers'],262,3516.0,3072.0,2708.0
262 Energietechnik,"['Helpers--Installation, Maintenance, and Repair Workers', 'Geothermal Technicians', 'Fabric Menders, Except Garment', 'Commercial Divers', 'Riggers', 'Coin, Vending, and Amusement Machine Servicers and Repairers', 'Manufactured Building and Mobile Home Installers', 'Locksmiths and Safe Repairers', 'Signal and Track Switch Repairers']",16.77,66.0,262,2,"262 Energietechnik['Helpers--Installation, Maintenance, and Repair Workers', 'Geothermal Technicians', 'Fabric Menders, Except Garment', 'Commercial Divers', 'Riggers', 'Coin, Vending, and Amusement Machine Servicers and Repairers', 'Manufactured Building and Mobile Home Installers', 'Locksmiths and Safe Repairers', 'Signal and Track Switch Repairers']",262,3516.0,3072.0,2708.0
262 Energietechnik,"['Weatherization Installers and Technicians', 'Segmental Pavers', 'Solar Thermal Installers and Technicians']",16.77,63.66666667,262,2,"262 Energietechnik['Weatherization Installers and Technicians', 'Segmental Pavers', 'Solar Thermal Installers and Technicians']",262,3516.0,3072.0,2708.0
262 Energietechnik,"['Industrial Production Managers', 'Geothermal Production Managers', 'Quality Control Systems Managers', 'Biofuels Production Managers', 'Biomass Power Plant Managers', 'Hydroelectric Production Managers']",16.77,48.0,262,2,"262 Energietechnik['Industrial Production Managers', 'Geothermal Production Managers', 'Quality Control Systems Managers', 'Biofuels Production Managers', 'Biomass Power Plant Managers', 'Hydroelectric Production Managers']",262,3516.0,3072.0,2708.0
262 Energietechnik,['Nuclear Engineers'],16.77,46.0,262,2,262 Energietechnik['Nuclear Engineers'],262,3516.0,3072.0,2708.0
262 Energietechnik,['Electricians'],16.77,75.0,262,2,262 Energietechnik['Electricians'],262,3516.0,3072.0,2708.0
262 Energietechnik,"['Energy Engineers', 'Nanosystems Engineers', 'Robotics Engineers', 'Manufacturing Engineers', 'Mechatronics Engineers', 'Validation Engineers', 'Wind Energy Engineers', 'Microsystems Engineers', 'Photonics Engineers', 'Solar Energy Systems Engineers', 'Biochemical Engineers']",16.77,50.0,262,2,"262 Energietechnik['Energy Engineers', 'Nanosystems Engineers', 'Robotics Engineers', 'Manufacturing Engineers', 'Mechatronics Engineers', 'Validation Engineers', 'Wind Energy Engineers', 'Microsystems Engineers', 'Photonics Engineers', 'Solar Energy Systems Engineers', 'Biochemical Engineers']",262,3516.0,3072.0,2708.0
263 Elektrotechnik,"['Telecommunications Line Installers and Repairers', 'Electrical Power-Line Installers and Repairers']",20.02,68.5,263,2,"263 Elektrotechnik['Telecommunications Line Installers and Repairers', 'Electrical Power-Line Installers and Repairers']",263,3771.0,3686.0,2737.0
263 Elektrotechnik,"['Telecommunications Equipment Installers and Repairers, Except Line Installers', 'Radio, Cellular, and Tower Equipment Installers and Repairers', 'Radio Mechanics']",20.02,67.0,263,2,"263 Elektrotechnik['Telecommunications Equipment Installers and Repairers, Except Line Installers', 'Radio, Cellular, and Tower Equipment Installers and Repairers', 'Radio Mechanics']",263,3771.0,3686.0,2737.0
263 Elektrotechnik,['Home Appliance Repairers'],20.02,67.0,263,2,263 Elektrotechnik['Home Appliance Repairers'],263,3771.0,3686.0,2737.0
263 Elektrotechnik,"['Radio Frequency Identification Device Specialists', 'Electrical Engineers', 'Electronics Engineers, Except Computer']",20.02,48.0,263,2,"263 Elektrotechnik['Radio Frequency Identification Device Specialists', 'Electrical Engineers', 'Electronics Engineers, Except Computer']",263,3771.0,3686.0,2737.0
"272 Techn. Zeichnen, Konstruktion, Modellbau","['Patternmakers, Metal and Plastic', 'Model Makers, Metal and Plastic']",21.34,67.5,272,2,"272 Techn. Zeichnen, Konstruktion, Modellbau['Patternmakers, Metal and Plastic', 'Model Makers, Metal and Plastic']",272,4149.0,3433.0,3000.0
"272 Techn. Zeichnen, Konstruktion, Modellbau","['Models', 'Demonstrators and Product Promoters']",21.34,65.5,272,2,"272 Techn. Zeichnen, Konstruktion, Modellbau['Models', 'Demonstrators and Product Promoters']",272,4149.0,3433.0,3000.0
"272 Techn. Zeichnen, Konstruktion, Modellbau","['Model Makers, Wood', 'Patternmakers, Wood']",21.34,53.5,272,2,"272 Techn. Zeichnen, Konstruktion, Modellbau['Model Makers, Wood', 'Patternmakers, Wood']",272,4149.0,3433.0,3000.0
"272 Techn. Zeichnen, Konstruktion, Modellbau","['Civil Drafters', 'Mechanical Drafters', 'Electrical Drafters', 'Architectural Drafters', 'Electronic Drafters']",21.34,48.4,272,2,"272 Techn. Zeichnen, Konstruktion, Modellbau['Civil Drafters', 'Mechanical Drafters', 'Electrical Drafters', 'Architectural Drafters', 'Electronic Drafters']",272,4149.0,3433.0,3000.0
281 Textiltechnik und -produktion,['Sewing Machine Operators'],13.51,62.0,281,2,281 Textiltechnik und -produktion['Sewing Machine Operators'],281,2627.0,,2347.0
281 Textiltechnik und -produktion,"['Textile Bleaching and Dyeing Machine Operators and Tenders', 'Textile Knitting and Weaving Machine Setters, Operators, and Tenders', 'Textile Winding, Twisting, and Drawing Out Machine Setters, Operators, and Tenders', 'Textile Cutting Machine Setters, Operators, and Tenders']",13.51,52.0,281,2,"281 Textiltechnik und -produktion['Textile Bleaching and Dyeing Machine Operators and Tenders', 'Textile Knitting and Weaving Machine Setters, Operators, and Tenders', 'Textile Winding, Twisting, and Drawing Out Machine Setters, Operators, and Tenders', 'Textile Cutting Machine Setters, Operators, and Tenders']",281,2627.0,,2347.0
282 Textilverarbeitung,"['Upholsterers', 'Fabric and Apparel Patternmakers', 'Extruding and Forming Machine Setters, Operators, and Tenders, Synthetic and Glass Fibers']",13.22,55.33333333,282,2,"282 Textilverarbeitung['Upholsterers', 'Fabric and Apparel Patternmakers', 'Extruding and Forming Machine Setters, Operators, and Tenders, Synthetic and Glass Fibers']",282,2431.0,2110.0,
282 Textilverarbeitung,"['Fashion Designers', 'Commercial and Industrial Designers', 'Floral Designers', 'Set and Exhibit Designers', 'Merchandise Displayers and Window Trimmers', 'Interior Designers', 'Graphic Designers']",13.22,53.85714286,282,2,"282 Textilverarbeitung['Fashion Designers', 'Commercial and Industrial Designers', 'Floral Designers', 'Set and Exhibit Designers', 'Merchandise Displayers and Window Trimmers', 'Interior Designers', 'Graphic Designers']",282,2431.0,2110.0,
282 Textilverarbeitung,"['Tailors, Dressmakers, and Custom Sewers', 'Sewers, Hand']",13.22,50.0,282,2,"282 Textilverarbeitung['Tailors, Dressmakers, and Custom Sewers', 'Sewers, Hand']",282,2431.0,2110.0,
"283 Leder-, Pelzherstellung u. -verarbeitung","['Shoe Machine Operators and Tenders', 'Shoe and Leather Workers and Repairers']",12.15,58.0,283,2,"283 Leder-, Pelzherstellung u. -verarbeitung['Shoe Machine Operators and Tenders', 'Shoe and Leather Workers and Repairers']",283,2368.0,,
292 Lebensmittel- u. Genussmittelherstellung,"['Butchers and Meat Cutters', 'Slaughterers and Meat Packers', 'Meat, Poultry, and Fish Cutters and Trimmers']",12.04,78.33333333,292,2,"292 Lebensmittel- u. Genussmittelherstellung['Butchers and Meat Cutters', 'Slaughterers and Meat Packers', 'Meat, Poultry, and Fish Cutters and Trimmers']",292,2308.0,2359.0,1913.0
292 Lebensmittel- u. Genussmittelherstellung,"['Food Science Technicians', 'Agricultural Technicians']",12.04,56.5,292,2,"292 Lebensmittel- u. Genussmittelherstellung['Food Science Technicians', 'Agricultural Technicians']",292,2308.0,2359.0,1913.0
292 Lebensmittel- u. Genussmittelherstellung,"['Food Batchmakers', 'Food and Tobacco Roasting, Baking, and Drying Machine Operators and Tenders', 'Food Cooking Machine Operators and Tenders']",12.04,54.66666667,292,2,"292 Lebensmittel- u. Genussmittelherstellung['Food Batchmakers', 'Food and Tobacco Roasting, Baking, and Drying Machine Operators and Tenders', 'Food Cooking Machine Operators and Tenders']",292,2308.0,2359.0,1913.0
292 Lebensmittel- u. Genussmittelherstellung,['Food Preparation Workers'],12.04,69.0,292,2,292 Lebensmittel- u. Genussmittelherstellung['Food Preparation Workers'],292,2308.0,2359.0,1913.0
292 Lebensmittel- u. Genussmittelherstellung,['Bakers'],12.04,55.0,292,2,292 Lebensmittel- u. Genussmittelherstellung['Bakers'],292,2308.0,2359.0,1913.0
293 Speisenzubereitung,"['First-Line Supervisors of Food Preparation and Serving Workers', 'Chefs and Head Cooks']",10.92,88.0,293,2,"293 Speisenzubereitung['First-Line Supervisors of Food Preparation and Serving Workers', 'Chefs and Head Cooks']",293,2094.0,2065.0,1841.0
"311 Bauplanung u. -überwachung, Architektur","['First-Line Supervisors of Construction Trades and Extraction Workers', 'Solar Energy Installation Managers']",20.35,74.5,311,3,"311 Bauplanung u. -überwachung, Architektur['First-Line Supervisors of Construction Trades and Extraction Workers', 'Solar Energy Installation Managers']",311,4473.0,3947.0,3904.0
"311 Bauplanung u. -überwachung, Architektur",['Construction and Building Inspectors'],20.35,64.0,311,3,"311 Bauplanung u. -überwachung, Architektur['Construction and Building Inspectors']",311,4473.0,3947.0,3904.0
"311 Bauplanung u. -überwachung, Architektur",['Construction Managers'],20.35,50.0,311,3,"311 Bauplanung u. -überwachung, Architektur['Construction Managers']",311,4473.0,3947.0,3904.0
"311 Bauplanung u. -überwachung, Architektur","['Civil Engineers', 'Transportation Engineers']",20.35,46.5,311,3,"311 Bauplanung u. -überwachung, Architektur['Civil Engineers', 'Transportation Engineers']",311,4473.0,3947.0,3904.0
"311 Bauplanung u. -überwachung, Architektur","['City and Regional Planning Aides', 'Social Science Research Assistants']",20.35,46.5,311,3,"311 Bauplanung u. -überwachung, Architektur['City and Regional Planning Aides', 'Social Science Research Assistants']",311,4473.0,3947.0,3904.0
"311 Bauplanung u. -überwachung, Architektur",['Urban and Regional Planners'],20.35,54.0,311,3,"311 Bauplanung u. -überwachung, Architektur['Urban and Regional Planners']",311,4473.0,3947.0,3904.0
312 Vermessung und Kartografie,"['Mapping Technicians', 'Surveying Technicians']",18.28,53.5,312,3,"312 Vermessung und Kartografie['Mapping Technicians', 'Surveying Technicians']",312,3698.0,3317.0,3028.0
312 Vermessung und Kartografie,"['Surveyors', 'Cartographers and Photogrammetrists', 'Geodetic Surveyors']",18.28,47.33333333,312,3,"312 Vermessung und Kartografie['Surveyors', 'Cartographers and Photogrammetrists', 'Geodetic Surveyors']",312,3698.0,3317.0,3028.0
321 Hochbau,['Construction Laborers'],15.02,73.0,321,3,321 Hochbau['Construction Laborers'],321,2806.0,2429.0,2338.0
321 Hochbau,['Roofers'],15.02,77.0,321,3,321 Hochbau['Roofers'],321,2806.0,2429.0,2338.0
322 Tiefbau,['Septic Tank Servicers and Sewer Pipe Cleaners'],15.98,77.0,322,3,322 Tiefbau['Septic Tank Servicers and Sewer Pipe Cleaners'],322,3289.0,2994.0,2674.0
322 Tiefbau,['Highway Maintenance Workers'],15.98,68.0,322,3,322 Tiefbau['Highway Maintenance Workers'],322,3289.0,2994.0,2674.0
331 Bodenverlegung,"['Carpet Installers', 'Floor Sanders and Finishers', 'Tile and Marble Setters', 'Floor Layers, Except Carpet, Wood, and Hard Tiles']",14.12,63.75,331,3,"331 Bodenverlegung['Carpet Installers', 'Floor Sanders and Finishers', 'Tile and Marble Setters', 'Floor Layers, Except Carpet, Wood, and Hard Tiles']",331,2692.0,2346.0,2277.0
"332 Maler.,Stuckat.,Bauwerksabd,Bautenschutz",['Plasterers and Stucco Masons'],14.46,61.0,332,3,"332 Maler.,Stuckat.,Bauwerksabd,Bautenschutz['Plasterers and Stucco Masons']",332,2680.0,2370.0,2227.0
"332 Maler.,Stuckat.,Bauwerksabd,Bautenschutz","['Paperhangers', 'Painters, Construction and Maintenance']",14.46,54.0,332,3,"332 Maler.,Stuckat.,Bauwerksabd,Bautenschutz['Paperhangers', 'Painters, Construction and Maintenance']",332,2680.0,2370.0,2227.0
"333 Aus-,Trockenbau.Iso.Zimmer.Glas.Roll.bau","['Rough Carpenters', 'Construction Carpenters']",14.59,80.0,333,3,"333 Aus-,Trockenbau.Iso.Zimmer.Glas.Roll.bau['Rough Carpenters', 'Construction Carpenters']",333,2764.0,2371.0,2234.0
"333 Aus-,Trockenbau.Iso.Zimmer.Glas.Roll.bau","['Insulation Workers, Mechanical', 'Insulation Workers, Floor, Ceiling, and Wall']",14.59,58.5,333,3,"333 Aus-,Trockenbau.Iso.Zimmer.Glas.Roll.bau['Insulation Workers, Mechanical', 'Insulation Workers, Floor, Ceiling, and Wall']",333,2764.0,2371.0,2234.0
"333 Aus-,Trockenbau.Iso.Zimmer.Glas.Roll.bau","['Drywall and Ceiling Tile Installers', 'Tapers']",14.59,58.0,333,3,"333 Aus-,Trockenbau.Iso.Zimmer.Glas.Roll.bau['Drywall and Ceiling Tile Installers', 'Tapers']",333,2764.0,2371.0,2234.0
"342 Klempnerei,Sanitär,Heizung,Klimatechnik","['Pipe Fitters and Steamfitters', 'Pipelayers', 'Plumbers']",15.27,73.33333333,342,3,"342 Klempnerei,Sanitär,Heizung,Klimatechnik['Pipe Fitters and Steamfitters', 'Pipelayers', 'Plumbers']",342,2994.0,2594.0,2313.0
"342 Klempnerei,Sanitär,Heizung,Klimatechnik","['Heating and Air Conditioning Mechanics and Installers', 'Refrigeration Mechanics and Installers']",15.27,61.0,342,3,"342 Klempnerei,Sanitär,Heizung,Klimatechnik['Heating and Air Conditioning Mechanics and Installers', 'Refrigeration Mechanics and Installers']",342,2994.0,2594.0,2313.0
343 Ver- und Entsorgung,['Water and Wastewater Treatment Plant and System Operators'],16.39,50.0,343,3,343 Ver- und Entsorgung['Water and Wastewater Treatment Plant and System Operators'],343,3448.0,3454.0,2809.0
343 Ver- und Entsorgung,"['Recycling Coordinators', 'First-Line Supervisors of Helpers, Laborers, and Material Movers, Hand']",16.39,58.5,343,3,"343 Ver- und Entsorgung['Recycling Coordinators', 'First-Line Supervisors of Helpers, Laborers, and Material Movers, Hand']",343,3448.0,3454.0,2809.0
411 Mathematik und Statistik,"['Bioinformatics Technicians', 'Statistical Assistants']",29.53,52.0,411,4,"411 Mathematik und Statistik['Bioinformatics Technicians', 'Statistical Assistants']",411,5365.0,,
411 Mathematik und Statistik,"['Statisticians', 'Biostatisticians', 'Clinical Data Managers']",29.53,39.0,411,4,"411 Mathematik und Statistik['Statisticians', 'Biostatisticians', 'Clinical Data Managers']",411,5365.0,,
411 Mathematik und Statistik,['Mathematicians'],29.53,40.0,411,4,411 Mathematik und Statistik['Mathematicians'],411,5365.0,,
411 Mathematik und Statistik,['Actuaries'],29.53,35.0,411,4,411 Mathematik und Statistik['Actuaries'],411,5365.0,,
412 Biologie,['Biological Technicians'],20.14,51.0,412,4,412 Biologie['Biological Technicians'],412,3901.0,4049.0000000000005,2856.0
412 Biologie,"['Geneticists', 'Biologists', 'Bioinformatics Scientists', 'Zoologists and Wildlife Biologists', 'Microbiologists', 'Molecular and Cellular Biologists', 'Biochemists and Biophysicists']",20.14,46.28571429,412,4,"412 Biologie['Geneticists', 'Biologists', 'Bioinformatics Scientists', 'Zoologists and Wildlife Biologists', 'Microbiologists', 'Molecular and Cellular Biologists', 'Biochemists and Biophysicists']",412,3901.0,4049.0000000000005,2856.0
413 Chemie,"['Separating, Filtering, Clarifying, Precipitating, and Still Machine Setters, Operators, and Tenders', 'Chemical Equipment Operators and Tenders']",22.48,49.5,413,4,"413 Chemie['Separating, Filtering, Clarifying, Precipitating, and Still Machine Setters, Operators, and Tenders', 'Chemical Equipment Operators and Tenders']",413,4029.0,3518.0,3160.0
413 Chemie,['Chemical Engineers'],22.48,45.0,413,4,413 Chemie['Chemical Engineers'],413,4029.0,3518.0,3160.0
413 Chemie,['Chemical Technicians'],22.48,58.0,413,4,413 Chemie['Chemical Technicians'],413,4029.0,3518.0,3160.0
413 Chemie,"['Chemists', 'Materials Scientists']",22.48,51.5,413,4,"413 Chemie['Chemists', 'Materials Scientists']",413,4029.0,3518.0,3160.0
414 Physik,['Materials Engineers'],23.67,45.0,414,4,414 Physik['Materials Engineers'],414,4438.0,4497.0,3961.0
414 Physik,"['Astronomers', 'Physicists']",23.67,39.0,414,4,"414 Physik['Astronomers', 'Physicists']",414,4438.0,4497.0,3961.0
"421 Geologie, Geografie und Meteorologie","['Geophysical Data Technicians', 'Geological Sample Test Technicians']",20.11,44.0,421,4,"421 Geologie, Geografie und Meteorologie['Geophysical Data Technicians', 'Geological Sample Test Technicians']",421,4341.0,,4810.0
431 Informatik,['Computer Hardware Engineers'],25.32,44.0,431,4,431 Informatik['Computer Hardware Engineers'],431,4788.0,4445.0,4030.9999999999995
431 Informatik,['Computer and Information Research Scientists'],25.32,33.0,431,4,431 Informatik['Computer and Information Research Scientists'],431,4788.0,4445.0,4030.9999999999995
"433 IT-Netzwerkt.,-Koord.,-Administr.,-Orga.","['Computer Network Support Specialists', 'Computer User Support Specialists']",26.24,59.5,433,4,"433 IT-Netzwerkt.,-Koord.,-Administr.,-Orga.['Computer Network Support Specialists', 'Computer User Support Specialists']",433,5070.0,4631.0,4211.0
"433 IT-Netzwerkt.,-Koord.,-Administr.,-Orga.","['Information Security Analysts', 'Computer Systems Analysts', 'Informatics Nurse Specialists']",26.24,53.33333333,433,4,"433 IT-Netzwerkt.,-Koord.,-Administr.,-Orga.['Information Security Analysts', 'Computer Systems Analysts', 'Informatics Nurse Specialists']",433,5070.0,4631.0,4211.0
"433 IT-Netzwerkt.,-Koord.,-Administr.,-Orga.","['Network and Computer Systems Administrators', 'Computer Network Architects', 'Database Administrators', 'Telecommunications Engineering Specialists']",26.24,49.25,433,4,"433 IT-Netzwerkt.,-Koord.,-Administr.,-Orga.['Network and Computer Systems Administrators', 'Computer Network Architects', 'Database Administrators', 'Telecommunications Engineering Specialists']",433,5070.0,4631.0,4211.0
434 Softwareentwicklung und Programmierung,"['Data Warehousing Specialists', 'Computer Systems Engineers/Architects', 'Database Architects', 'Information Technology Project Managers', 'Business Intelligence Analysts', 'Geographic Information Systems Technicians', 'Video Game Designers', 'Document Management Specialists', 'Search Marketing Strategists', 'Web Administrators', 'Geospatial Information Scientists and Technologists', 'Software Quality Assurance Engineers and Testers']",24.76,45.75,434,4,"434 Softwareentwicklung und Programmierung['Data Warehousing Specialists', 'Computer Systems Engineers/Architects', 'Database Architects', 'Information Technology Project Managers', 'Business Intelligence Analysts', 'Geographic Information Systems Technicians', 'Video Game Designers', 'Document Management Specialists', 'Search Marketing Strategists', 'Web Administrators', 'Geospatial Information Scientists and Technologists', 'Software Quality Assurance Engineers and Testers']",434,4953.0,4780.0,4169.0
434 Softwareentwicklung und Programmierung,"['Computer Programmers', 'Software Developers, Systems Software', 'Web Developers', 'Software Developers, Applications']",24.76,44.5,434,4,"434 Softwareentwicklung und Programmierung['Computer Programmers', 'Software Developers, Systems Software', 'Web Developers', 'Software Developers, Applications']",434,4953.0,4780.0,4169.0
434 Softwareentwicklung und Programmierung,['Computer Operators'],24.76,42.0,434,4,434 Softwareentwicklung und Programmierung['Computer Operators'],434,4953.0,4780.0,4169.0
"511 Tech.Betrieb Eisenb.,Luft,Schiffsverkehr",['Sailors and Marine Oilers'],18.3,69.0,511,5,"511 Tech.Betrieb Eisenb.,Luft,Schiffsverkehr['Sailors and Marine Oilers']",511,3575.0,,2995.0
"511 Tech.Betrieb Eisenb.,Luft,Schiffsverkehr","['Aviation Inspectors', 'Freight and Cargo Inspectors', 'Transportation Vehicle, Equipment and Systems Inspectors, Except Aviation']",18.3,61.33333333,511,5,"511 Tech.Betrieb Eisenb.,Luft,Schiffsverkehr['Aviation Inspectors', 'Freight and Cargo Inspectors', 'Transportation Vehicle, Equipment and Systems Inspectors, Except Aviation']",511,3575.0,,2995.0
"512 Überwachung,WartungVerkehrsinfrastruktur",['Traffic Technicians'],14.5,48.0,512,5,"512 Überwachung,WartungVerkehrsinfrastruktur['Traffic Technicians']",512,3416.0,3511.0,3186.0
"513 Lagerwirt.,Post,Zustellung,Güterumschlag","['Mail Clerks and Mail Machine Operators, Except Postal Service']",13.22,73.0,513,5,"513 Lagerwirt.,Post,Zustellung,Güterumschlag['Mail Clerks and Mail Machine Operators, Except Postal Service']",513,2429.0,2168.0,1991.0
"513 Lagerwirt.,Post,Zustellung,Güterumschlag","['Marking Clerks', 'Order Fillers, Wholesale and Retail Sales', 'Stock Clerks- Stockroom, Warehouse, or Storage Yard', 'Stock Clerks, Sales Floor']",13.22,69.0,513,5,"513 Lagerwirt.,Post,Zustellung,Güterumschlag['Marking Clerks', 'Order Fillers, Wholesale and Retail Sales', 'Stock Clerks- Stockroom, Warehouse, or Storage Yard', 'Stock Clerks, Sales Floor']",513,2429.0,2168.0,1991.0
"513 Lagerwirt.,Post,Zustellung,Güterumschlag","['Tank Car, Truck, and Ship Loaders']",13.22,62.0,513,5,"513 Lagerwirt.,Post,Zustellung,Güterumschlag['Tank Car, Truck, and Ship Loaders']",513,2429.0,2168.0,1991.0
"513 Lagerwirt.,Post,Zustellung,Güterumschlag",['Postmasters and Mail Superintendents'],13.22,56.0,513,5,"513 Lagerwirt.,Post,Zustellung,Güterumschlag['Postmasters and Mail Superintendents']",513,2429.0,2168.0,1991.0
"513 Lagerwirt.,Post,Zustellung,Güterumschlag",['Couriers and Messengers'],13.22,45.0,513,5,"513 Lagerwirt.,Post,Zustellung,Güterumschlag['Couriers and Messengers']",513,2429.0,2168.0,1991.0
"513 Lagerwirt.,Post,Zustellung,Güterumschlag","['Postal Service Mail Carriers', 'Postal Service Clerks', 'Postal Service Mail Sorters, Processors, and Processing Machine Operators']",13.22,67.33333333,513,5,"513 Lagerwirt.,Post,Zustellung,Güterumschlag['Postal Service Mail Carriers', 'Postal Service Clerks', 'Postal Service Mail Sorters, Processors, and Processing Machine Operators']",513,2429.0,2168.0,1991.0
"513 Lagerwirt.,Post,Zustellung,Güterumschlag","['Laborers and Freight, Stock, and Material Movers, Hand', 'Cleaners of Vehicles and Equipment', 'Packers and Packagers, Hand', 'Machine Feeders and Offbearers']",13.22,60.5,513,5,"513 Lagerwirt.,Post,Zustellung,Güterumschlag['Laborers and Freight, Stock, and Material Movers, Hand', 'Cleaners of Vehicles and Equipment', 'Packers and Packagers, Hand', 'Machine Feeders and Offbearers']",513,2429.0,2168.0,1991.0
"513 Lagerwirt.,Post,Zustellung,Güterumschlag","['Logistics Managers', 'Transportation Managers', 'Storage and Distribution Managers']",13.22,47.33333333,513,5,"513 Lagerwirt.,Post,Zustellung,Güterumschlag['Logistics Managers', 'Transportation Managers', 'Storage and Distribution Managers']",513,2429.0,2168.0,1991.0
514 Servicekräfte im Personenverkehr,"['Transportation Attendants, Except Flight Attendants']",15.67,93.0,514,5,"514 Servicekräfte im Personenverkehr['Transportation Attendants, Except Flight Attendants']",514,2766.0,2679.0,2666.0
514 Servicekräfte im Personenverkehr,['Automotive and Watercraft Service Attendants'],15.67,60.0,514,5,514 Servicekräfte im Personenverkehr['Automotive and Watercraft Service Attendants'],514,2766.0,2679.0,2666.0
514 Servicekräfte im Personenverkehr,['Flight Attendants'],15.67,96.0,514,5,514 Servicekräfte im Personenverkehr['Flight Attendants'],514,2766.0,2679.0,2666.0
515 Überwachung u. Steuerung Verkehrsbetrieb,"['Airfield Operations Specialists', 'Air Traffic Controllers']",17.69,74.0,515,5,"515 Überwachung u. Steuerung Verkehrsbetrieb['Airfield Operations Specialists', 'Air Traffic Controllers']",515,3560.0,3563.0,3244.0
515 Überwachung u. Steuerung Verkehrsbetrieb,"['Rail Car Repairers', 'Mobile Heavy Equipment Mechanics, Except Engines', 'Farm Equipment Mechanics and Service Technicians']",17.69,55.33333333,515,5,"515 Überwachung u. Steuerung Verkehrsbetrieb['Rail Car Repairers', 'Mobile Heavy Equipment Mechanics, Except Engines', 'Farm Equipment Mechanics and Service Technicians']",515,3560.0,3563.0,3244.0
515 Überwachung u. Steuerung Verkehrsbetrieb,"['Locomotive Engineers', 'Rail Yard Engineers, Dinkey Operators, and Hostlers', 'Locomotive Firers']",17.69,48.66666667,515,5,"515 Überwachung u. Steuerung Verkehrsbetrieb['Locomotive Engineers', 'Rail Yard Engineers, Dinkey Operators, and Hostlers', 'Locomotive Firers']",515,3560.0,3563.0,3244.0
515 Überwachung u. Steuerung Verkehrsbetrieb,"['Railroad Brake, Signal, and Switch Operators']",17.69,41.0,515,5,"515 Überwachung u. Steuerung Verkehrsbetrieb['Railroad Brake, Signal, and Switch Operators']",515,3560.0,3563.0,3244.0
516 Kaufleute - Verkehr und Logistik,['Aircraft Cargo Handling Supervisors'],17.91,68.0,516,5,516 Kaufleute - Verkehr und Logistik['Aircraft Cargo Handling Supervisors'],516,3450.0,3220.0,2744.0
516 Kaufleute - Verkehr und Logistik,"['Logistics Engineers', 'Logisticians', 'Logistics Analysts']",17.91,52.66666667,516,5,"516 Kaufleute - Verkehr und Logistik['Logistics Engineers', 'Logisticians', 'Logistics Analysts']",516,3450.0,3220.0,2744.0
521 Fahrzeugführung im Straßenverkehr,['Taxi Drivers and Chauffeurs'],12.29,79.0,521,5,521 Fahrzeugführung im Straßenverkehr['Taxi Drivers and Chauffeurs'],521,2459.0,2178.0,2099.0
521 Fahrzeugführung im Straßenverkehr,['Subway and Streetcar Operators'],12.29,67.0,521,5,521 Fahrzeugführung im Straßenverkehr['Subway and Streetcar Operators'],521,2459.0,2178.0,2099.0
521 Fahrzeugführung im Straßenverkehr,"['Cargo and Freight Agents', 'Freight Forwarders']",12.29,62.5,521,5,"521 Fahrzeugführung im Straßenverkehr['Cargo and Freight Agents', 'Freight Forwarders']",521,2459.0,2178.0,2099.0
521 Fahrzeugführung im Straßenverkehr,['Industrial Truck and Tractor Operators'],12.29,34.0,521,5,521 Fahrzeugführung im Straßenverkehr['Industrial Truck and Tractor Operators'],521,2459.0,2178.0,2099.0
521 Fahrzeugführung im Straßenverkehr,"['Bus Drivers, School or Special Client', 'Bus Drivers, Transit and Intercity']",12.29,81.0,521,5,"521 Fahrzeugführung im Straßenverkehr['Bus Drivers, School or Special Client', 'Bus Drivers, Transit and Intercity']",521,2459.0,2178.0,2099.0
523 Fahrzeugführung im Flugverkehr,"['Airline Pilots, Copilots, and Flight Engineers', 'Commercial Pilots']",49.17,82.0,523,5,"523 Fahrzeugführung im Flugverkehr['Airline Pilots, Copilots, and Flight Engineers', 'Commercial Pilots']",523,,5800.0,
524 Fahrzeugführung im Schiffsverkehr,"['Mates- Ship, Boat, and Barge', 'Pilots, Ship', 'Ship and Boat Captains', 'Motorboat Operators']",20.64,73.25,524,5,"524 Fahrzeugführung im Schiffsverkehr['Mates- Ship, Boat, and Barge', 'Pilots, Ship', 'Ship and Boat Captains', 'Motorboat Operators']",524,4099.0,,
525 Bau- und Transportgeräteführung,['Crane and Tower Operators'],15.36,48.0,525,5,525 Bau- und Transportgeräteführung['Crane and Tower Operators'],525,2970.0,2569.0,2487.0
"531 Obj.-,Pers.-,Brandschutz,Arbeitssicherh.","['Municipal Firefighters', 'Forest Firefighters']",13.52,81.5,531,5,"531 Obj.-,Pers.-,Brandschutz,Arbeitssicherh.['Municipal Firefighters', 'Forest Firefighters']",531,2707.0,2270.0,2347.0
"531 Obj.-,Pers.-,Brandschutz,Arbeitssicherh.","['Forest Fire Fighting and Prevention Supervisors', 'Municipal Fire Fighting and Prevention Supervisors']",13.52,74.5,531,5,"531 Obj.-,Pers.-,Brandschutz,Arbeitssicherh.['Forest Fire Fighting and Prevention Supervisors', 'Municipal Fire Fighting and Prevention Supervisors']",531,2707.0,2270.0,2347.0
"531 Obj.-,Pers.-,Brandschutz,Arbeitssicherh.","['Crossing Guards', 'Retail Loss Prevention Specialists', 'Transportation Security Screeners', 'Lifeguards, Ski Patrol, and Other Recreational Protective Service Workers']",13.52,73.25,531,5,"531 Obj.-,Pers.-,Brandschutz,Arbeitssicherh.['Crossing Guards', 'Retail Loss Prevention Specialists', 'Transportation Security Screeners', 'Lifeguards, Ski Patrol, and Other Recreational Protective Service Workers']",531,2707.0,2270.0,2347.0
"531 Obj.-,Pers.-,Brandschutz,Arbeitssicherh.","['Electrical and Electronics Installers and Repairers, Transportation Equipment', 'Avionics Technicians', 'Security and Fire Alarm Systems Installers', 'Electrical and Electronics Repairers, Commercial and Industrial Equipment', 'Electronic Equipment Installers and Repairers, Motor Vehicles', 'Electrical and Electronics Repairers, Powerhouse, Substation, and Relay', 'Electronic Home Entertainment Equipment Installers and Repairers', 'Electric Motor, Power Tool, and Related Repairers']",13.52,61.625,531,5,"531 Obj.-,Pers.-,Brandschutz,Arbeitssicherh.['Electrical and Electronics Installers and Repairers, Transportation Equipment', 'Avionics Technicians', 'Security and Fire Alarm Systems Installers', 'Electrical and Electronics Repairers, Commercial and Industrial Equipment', 'Electronic Equipment Installers and Repairers, Motor Vehicles', 'Electrical and Electronics Repairers, Powerhouse, Substation, and Relay', 'Electronic Home Entertainment Equipment Installers and Repairers', 'Electric Motor, Power Tool, and Related Repairers']",531,2707.0,2270.0,2347.0
"531 Obj.-,Pers.-,Brandschutz,Arbeitssicherh.","['Dispatchers, Except Police, Fire, and Ambulance', 'Police, Fire, and Ambulance Dispatchers']",13.52,59.0,531,5,"531 Obj.-,Pers.-,Brandschutz,Arbeitssicherh.['Dispatchers, Except Police, Fire, and Ambulance', 'Police, Fire, and Ambulance Dispatchers']",531,2707.0,2270.0,2347.0
"531 Obj.-,Pers.-,Brandschutz,Arbeitssicherh.","['Fire Inspectors', 'Fire Investigators', 'Forest Fire Inspectors and Prevention Specialists']",13.52,62.66666667,531,5,"531 Obj.-,Pers.-,Brandschutz,Arbeitssicherh.['Fire Inspectors', 'Fire Investigators', 'Forest Fire Inspectors and Prevention Specialists']",531,2707.0,2270.0,2347.0
"531 Obj.-,Pers.-,Brandschutz,Arbeitssicherh.",['Private Detectives and Investigators'],13.52,51.0,531,5,"531 Obj.-,Pers.-,Brandschutz,Arbeitssicherh.['Private Detectives and Investigators']",531,2707.0,2270.0,2347.0
"532 Polizei,Kriminald.,Gerichts,Justizvollz.","['Transit and Railroad Police', 'Sheriffs and Deputy Sheriffs', 'Police Patrol Officers']",19.57,77.0,532,5,"532 Polizei,Kriminald.,Gerichts,Justizvollz.['Transit and Railroad Police', 'Sheriffs and Deputy Sheriffs', 'Police Patrol Officers']",532,3218.0,,
"532 Polizei,Kriminald.,Gerichts,Justizvollz.","['First-Line Supervisors of Correctional Officers', 'First-Line Supervisors of Police and Detectives']",19.57,74.0,532,5,"532 Polizei,Kriminald.,Gerichts,Justizvollz.['First-Line Supervisors of Correctional Officers', 'First-Line Supervisors of Police and Detectives']",532,3218.0,,
"532 Polizei,Kriminald.,Gerichts,Justizvollz.","['Correctional Officers and Jailers', 'Bailiffs']",19.57,80.5,532,5,"532 Polizei,Kriminald.,Gerichts,Justizvollz.['Correctional Officers and Jailers', 'Bailiffs']",532,3218.0,,
"532 Polizei,Kriminald.,Gerichts,Justizvollz.","['Police Detectives', 'Criminal Investigators and Special Agents', 'Intelligence Analysts', 'Police Identification and Records Officers', 'Immigration and Customs Inspectors']",19.57,68.8,532,5,"532 Polizei,Kriminald.,Gerichts,Justizvollz.['Police Detectives', 'Criminal Investigators and Special Agents', 'Intelligence Analysts', 'Police Identification and Records Officers', 'Immigration and Customs Inspectors']",532,3218.0,,
"533 Gewerbe,Gesundheitsaufsicht,Desinfektion",['Pest Control Workers'],17.23,47.0,533,5,"533 Gewerbe,Gesundheitsaufsicht,Desinfektion['Pest Control Workers']",533,3378.0,,
541 Reinigung,['Laundry and Dry-Cleaning Workers'],10.48,53.0,541,5,541 Reinigung['Laundry and Dry-Cleaning Workers'],541,1931.0,1846.0,1737.0
611 Einkauf und Vertrieb,['Procurement Clerks'],23.7,51.0,611,6,611 Einkauf und Vertrieb['Procurement Clerks'],611,4729.0,3957.0,3544.0
611 Einkauf und Vertrieb,"['Buyers and Purchasing Agents, Farm Products', 'Wholesale and Retail Buyers, Except Farm Products', 'Purchasing Agents, Except Wholesale, Retail, and Farm Products']",23.7,48.66666667,611,6,"611 Einkauf und Vertrieb['Buyers and Purchasing Agents, Farm Products', 'Wholesale and Retail Buyers, Except Farm Products', 'Purchasing Agents, Except Wholesale, Retail, and Farm Products']",611,4729.0,3957.0,3544.0
611 Einkauf und Vertrieb,"['Sales Representatives, Wholesale and Manufacturing, Except Technical and Scientific Products', 'Sales Representatives, Wholesale and Manufacturing, Technical and Scientific Products', 'Solar Sales Representatives and Assessors']",23.7,48.33333333,611,6,"611 Einkauf und Vertrieb['Sales Representatives, Wholesale and Manufacturing, Except Technical and Scientific Products', 'Sales Representatives, Wholesale and Manufacturing, Technical and Scientific Products', 'Solar Sales Representatives and Assessors']",611,4729.0,3957.0,3544.0
611 Einkauf und Vertrieb,['Purchasing Managers'],23.7,41.0,611,6,611 Einkauf und Vertrieb['Purchasing Managers'],611,4729.0,3957.0,3544.0
611 Einkauf und Vertrieb,['Sales Engineers'],23.7,36.0,611,6,611 Einkauf und Vertrieb['Sales Engineers'],611,4729.0,3957.0,3544.0
"613 Immobilienwirtschaft,Facility-Management","['Appraisers, Real Estate', 'Assessors']",19.21,46.0,613,6,"613 Immobilienwirtschaft,Facility-Management['Appraisers, Real Estate', 'Assessors']",613,3642.0,3519.0,3292.0
"613 Immobilienwirtschaft,Facility-Management","['Real Estate Brokers', 'Real Estate Sales Agents']",19.21,62.5,613,6,"613 Immobilienwirtschaft,Facility-Management['Real Estate Brokers', 'Real Estate Sales Agents']",613,3642.0,3519.0,3292.0
"613 Immobilienwirtschaft,Facility-Management","['Property, Real Estate, and Community Association Managers']",19.21,51.0,613,6,"613 Immobilienwirtschaft,Facility-Management['Property, Real Estate, and Community Association Managers']",613,3642.0,3519.0,3292.0
621 Verkauf (ohne Produktspezialisierung),"['Gaming Change Persons and Booth Cashiers', 'Cashiers']",13.93,72.5,621,6,"621 Verkauf (ohne Produktspezialisierung)['Gaming Change Persons and Booth Cashiers', 'Cashiers']",621,2630.0,2531.0,2246.0
621 Verkauf (ohne Produktspezialisierung),['Retail Salespersons'],13.93,69.0,621,6,621 Verkauf (ohne Produktspezialisierung)['Retail Salespersons'],621,2630.0,2531.0,2246.0
621 Verkauf (ohne Produktspezialisierung),"['First-Line Supervisors of Retail Sales Workers', 'First-Line Supervisors of Non-Retail Sales Workers']",13.93,54.5,621,6,"621 Verkauf (ohne Produktspezialisierung)['First-Line Supervisors of Retail Sales Workers', 'First-Line Supervisors of Non-Retail Sales Workers']",621,2630.0,2531.0,2246.0
"625 Buch-Kunst-Antiquitäten-,Musikfachhandel","['Door-To-Door Sales Workers, News and Street Vendors, and Related Workers']",13.67,67.0,625,6,"625 Buch-Kunst-Antiquitäten-,Musikfachhandel['Door-To-Door Sales Workers, News and Street Vendors, and Related Workers']",625,2343.0,,
631 Tourismus und Sport,['Reservation and Transportation Ticket Agents and Travel Clerks'],13.65,81.0,631,6,631 Tourismus und Sport['Reservation and Transportation Ticket Agents and Travel Clerks'],631,2634.0,2569.0,2000.0
631 Tourismus und Sport,"['Tour Guides and Escorts', 'Travel Guides']",13.65,62.5,631,6,"631 Tourismus und Sport['Tour Guides and Escorts', 'Travel Guides']",631,2634.0,2569.0,2000.0
631 Tourismus und Sport,['Travel Agents'],13.65,55.0,631,6,631 Tourismus und Sport['Travel Agents'],631,2634.0,2569.0,2000.0
632 Hotellerie,"['Hotel, Motel, and Resort Desk Clerks']",11.03,64.0,632,6,"632 Hotellerie['Hotel, Motel, and Resort Desk Clerks']",632,2100.0,2143.0,1855.0
632 Hotellerie,['Lodging Managers'],11.03,49.0,632,6,632 Hotellerie['Lodging Managers'],632,2100.0,2143.0,1855.0
633 Gastronomie,['Dining Room and Cafeteria Attendants and Bartender Helpers'],10.07,82.0,633,6,633 Gastronomie['Dining Room and Cafeteria Attendants and Bartender Helpers'],633,1883.0,1843.0,1725.0
633 Gastronomie,['Waiters and Waitresses'],10.07,78.0,633,6,633 Gastronomie['Waiters and Waitresses'],633,1883.0,1843.0,1725.0
633 Gastronomie,"['Counter Attendants, Cafeteria, Food Concession, and Coffee Shop', 'Combined Food Preparation and Serving Workers, Including Fast Food', 'Baristas']",10.07,74.0,633,6,"633 Gastronomie['Counter Attendants, Cafeteria, Food Concession, and Coffee Shop', 'Combined Food Preparation and Serving Workers, Including Fast Food', 'Baristas']",633,1883.0,1843.0,1725.0
633 Gastronomie,"['Food Servers, Nonrestaurant']",10.07,72.0,633,6,"633 Gastronomie['Food Servers, Nonrestaurant']",633,1883.0,1843.0,1725.0
633 Gastronomie,['Bartenders'],10.07,79.0,633,6,633 Gastronomie['Bartenders'],633,1883.0,1843.0,1725.0
633 Gastronomie,['Dishwashers'],10.07,63.0,633,6,633 Gastronomie['Dishwashers'],633,1883.0,1843.0,1725.0
"634 Veranstaltungsservice, -management","['Hosts and Hostesses, Restaurant, Lounge, and Coffee Shop']",16.1,79.0,634,6,"634 Veranstaltungsservice, -management['Hosts and Hostesses, Restaurant, Lounge, and Coffee Shop']",634,2980.0,2985.0,
"634 Veranstaltungsservice, -management","['Meeting, Convention, and Event Planners']",16.1,72.0,634,6,"634 Veranstaltungsservice, -management['Meeting, Convention, and Event Planners']",634,2980.0,2985.0,
713 Unternehmensorganisation und -strategie,['General and Operations Managers'],23.17,55.0,713,7,713 Unternehmensorganisation und -strategie['General and Operations Managers'],713,4465.0,4220.0,3496.0
713 Unternehmensorganisation und -strategie,['Operations Research Analysts'],23.17,41.0,713,7,713 Unternehmensorganisation und -strategie['Operations Research Analysts'],713,4465.0,4220.0,3496.0
713 Unternehmensorganisation und -strategie,['Management Analysts'],23.17,41.0,713,7,713 Unternehmensorganisation und -strategie['Management Analysts'],713,4465.0,4220.0,3496.0
714 Büro und Sekretariat,"['Office Machine Operators, Except Computer']",16.81,56.0,714,7,"714 Büro und Sekretariat['Office Machine Operators, Except Computer']",714,3221.0,3226.0,2622.0
714 Büro und Sekretariat,['Proofreaders and Copy Markers'],16.81,53.0,714,7,714 Büro und Sekretariat['Proofreaders and Copy Markers'],714,3221.0,3226.0,2622.0
714 Büro und Sekretariat,"['Secretaries and Administrative Assistants, Except Legal, Medical, and Executive', 'Executive Secretaries and Executive Administrative Assistants', 'Legal Secretaries', 'Medical Secretaries']",16.81,48.5,714,7,"714 Büro und Sekretariat['Secretaries and Administrative Assistants, Except Legal, Medical, and Executive', 'Executive Secretaries and Executive Administrative Assistants', 'Legal Secretaries', 'Medical Secretaries']",714,3221.0,3226.0,2622.0
714 Büro und Sekretariat,['First-Line Supervisors of Office and Administrative Support Workers'],16.81,47.0,714,7,714 Büro und Sekretariat['First-Line Supervisors of Office and Administrative Support Workers'],714,3221.0,3226.0,2622.0
714 Büro und Sekretariat,['Interpreters and Translators'],16.81,66.0,714,7,714 Büro und Sekretariat['Interpreters and Translators'],714,3221.0,3226.0,2622.0
714 Büro und Sekretariat,"['Data Entry Keyers', 'Word Processors and Typists']",16.81,52.0,714,7,"714 Büro und Sekretariat['Data Entry Keyers', 'Word Processors and Typists']",714,3221.0,3226.0,2622.0
714 Büro und Sekretariat,['Correspondence Clerks'],16.81,43.0,714,7,714 Büro und Sekretariat['Correspondence Clerks'],714,3221.0,3226.0,2622.0
715 Personalwesen und -dienstleistung,['Order Clerks'],22.33,56.0,715,7,715 Personalwesen und -dienstleistung['Order Clerks'],715,4284.0,3923.0,3968.0
715 Personalwesen und -dienstleistung,"['Labor Relations Specialists', 'Farm Labor Contractors', 'Human Resources Specialists']",22.33,52.66666667,715,7,"715 Personalwesen und -dienstleistung['Labor Relations Specialists', 'Farm Labor Contractors', 'Human Resources Specialists']",715,4284.0,3923.0,3968.0
715 Personalwesen und -dienstleistung,['Training and Development Managers'],22.33,46.0,715,7,715 Personalwesen und -dienstleistung['Training and Development Managers'],715,4284.0,3923.0,3968.0
715 Personalwesen und -dienstleistung,['Compensation and Benefits Managers'],22.33,32.0,715,7,715 Personalwesen und -dienstleistung['Compensation and Benefits Managers'],715,4284.0,3923.0,3968.0
715 Personalwesen und -dienstleistung,"['Compensation, Benefits, and Job Analysis Specialists']",22.33,32.0,715,7,"715 Personalwesen und -dienstleistung['Compensation, Benefits, and Job Analysis Specialists']",715,4284.0,3923.0,3968.0
715 Personalwesen und -dienstleistung,"['Human Resources Assistants, Except Payroll and Timekeeping']",22.33,53.0,715,7,"715 Personalwesen und -dienstleistung['Human Resources Assistants, Except Payroll and Timekeeping']",715,4284.0,3923.0,3968.0
715 Personalwesen und -dienstleistung,['Human Resources Managers'],22.33,41.0,715,7,715 Personalwesen und -dienstleistung['Human Resources Managers'],715,4284.0,3923.0,3968.0
721 Versicherungs- u. Finanzdienstleistungen,"['Credit Authorizers', 'Credit Checkers']",23.28,62.0,721,7,"721 Versicherungs- u. Finanzdienstleistungen['Credit Authorizers', 'Credit Checkers']",721,4924.0,4953.0,4006.9999999999995
721 Versicherungs- u. Finanzdienstleistungen,['Insurance Sales Agents'],23.28,61.0,721,7,721 Versicherungs- u. Finanzdienstleistungen['Insurance Sales Agents'],721,4924.0,4953.0,4006.9999999999995
721 Versicherungs- u. Finanzdienstleistungen,['Credit Analysts'],23.28,49.0,721,7,721 Versicherungs- u. Finanzdienstleistungen['Credit Analysts'],721,4924.0,4953.0,4006.9999999999995
721 Versicherungs- u. Finanzdienstleistungen,"['Insurance Policy Processing Clerks', 'Insurance Claims Clerks']",23.28,49.0,721,7,"721 Versicherungs- u. Finanzdienstleistungen['Insurance Policy Processing Clerks', 'Insurance Claims Clerks']",721,4924.0,4953.0,4006.9999999999995
721 Versicherungs- u. Finanzdienstleistungen,"['Fraud Examiners, Investigators and Analysts', 'Financial Quantitative Analysts', 'Risk Management Specialists']",23.28,47.0,721,7,"721 Versicherungs- u. Finanzdienstleistungen['Fraud Examiners, Investigators and Analysts', 'Financial Quantitative Analysts', 'Risk Management Specialists']",721,4924.0,4953.0,4006.9999999999995
721 Versicherungs- u. Finanzdienstleistungen,['File Clerks'],23.28,47.0,721,7,721 Versicherungs- u. Finanzdienstleistungen['File Clerks'],721,4924.0,4953.0,4006.9999999999995
721 Versicherungs- u. Finanzdienstleistungen,"['Insurance Adjusters, Examiners, and Investigators', 'Claims Examiners, Property and Casualty Insurance', 'Insurance Appraisers, Auto Damage']",23.28,46.66666667,721,7,"721 Versicherungs- u. Finanzdienstleistungen['Insurance Adjusters, Examiners, and Investigators', 'Claims Examiners, Property and Casualty Insurance', 'Insurance Appraisers, Auto Damage']",721,4924.0,4953.0,4006.9999999999995
721 Versicherungs- u. Finanzdienstleistungen,['Loan Interviewers and Clerks'],23.28,45.0,721,7,721 Versicherungs- u. Finanzdienstleistungen['Loan Interviewers and Clerks'],721,4924.0,4953.0,4006.9999999999995
721 Versicherungs- u. Finanzdienstleistungen,"['Personal Financial Advisors', 'Insurance Underwriters', 'Financial Analysts']",23.28,45.33333333,721,7,"721 Versicherungs- u. Finanzdienstleistungen['Personal Financial Advisors', 'Insurance Underwriters', 'Financial Analysts']",721,4924.0,4953.0,4006.9999999999995
"722 Rechnungswesen, Controlling und Revision",['Financial Examiners'],21.84,57.0,722,7,"722 Rechnungswesen, Controlling und Revision['Financial Examiners']",722,4272.0,3659.0,3199.0
"722 Rechnungswesen, Controlling und Revision",['Cost Estimators'],21.84,44.0,722,7,"722 Rechnungswesen, Controlling und Revision['Cost Estimators']",722,4272.0,3659.0,3199.0
"722 Rechnungswesen, Controlling und Revision",['Budget Analysts'],21.84,43.0,722,7,"722 Rechnungswesen, Controlling und Revision['Budget Analysts']",722,4272.0,3659.0,3199.0
"722 Rechnungswesen, Controlling und Revision",['Payroll and Timekeeping Clerks'],21.84,37.0,722,7,"722 Rechnungswesen, Controlling und Revision['Payroll and Timekeeping Clerks']",722,4272.0,3659.0,3199.0
"722 Rechnungswesen, Controlling und Revision","['Billing, Cost, and Rate Clerks', 'Statement Clerks']",21.84,59.0,722,7,"722 Rechnungswesen, Controlling und Revision['Billing, Cost, and Rate Clerks', 'Statement Clerks']",722,4272.0,3659.0,3199.0
"722 Rechnungswesen, Controlling und Revision",['New Accounts Clerks'],21.84,59.0,722,7,"722 Rechnungswesen, Controlling und Revision['New Accounts Clerks']",722,4272.0,3659.0,3199.0
"722 Rechnungswesen, Controlling und Revision","['Auditors', 'Accountants']",21.84,46.0,722,7,"722 Rechnungswesen, Controlling und Revision['Auditors', 'Accountants']",722,4272.0,3659.0,3199.0
"722 Rechnungswesen, Controlling und Revision",['Bill and Account Collectors'],21.84,45.0,722,7,"722 Rechnungswesen, Controlling und Revision['Bill and Account Collectors']",722,4272.0,3659.0,3199.0
"722 Rechnungswesen, Controlling und Revision","['Treasurers and Controllers', 'Financial Managers, Branch or Department']",21.84,44.0,722,7,"722 Rechnungswesen, Controlling und Revision['Treasurers and Controllers', 'Financial Managers, Branch or Department']",722,4272.0,3659.0,3199.0
"722 Rechnungswesen, Controlling und Revision","['Bookkeeping, Accounting, and Auditing Clerks']",21.84,44.0,722,7,"722 Rechnungswesen, Controlling und Revision['Bookkeeping, Accounting, and Auditing Clerks']",722,4272.0,3659.0,3199.0
"722 Rechnungswesen, Controlling und Revision","['Loan Officers', 'Credit Counselors', 'Loan Counselors']",21.84,43.33333333,722,7,"722 Rechnungswesen, Controlling und Revision['Loan Officers', 'Credit Counselors', 'Loan Counselors']",722,4272.0,3659.0,3199.0
"731 Rechtsberatung, -sprechung und -ordnung","['Arbitrators, Mediators, and Conciliators', 'Administrative Law Judges, Adjudicators, and Hearing Officers', 'Judges, Magistrate Judges, and Magistrates']",22.67,58.0,731,7,"731 Rechtsberatung, -sprechung und -ordnung['Arbitrators, Mediators, and Conciliators', 'Administrative Law Judges, Adjudicators, and Hearing Officers', 'Judges, Magistrate Judges, and Magistrates']",731,3800.0,4348.0,3220.0
"731 Rechtsberatung, -sprechung und -ordnung",['Paralegals and Legal Assistants'],22.67,39.0,731,7,"731 Rechtsberatung, -sprechung und -ordnung['Paralegals and Legal Assistants']",731,3800.0,4348.0,3220.0
"731 Rechtsberatung, -sprechung und -ordnung","['Judicial Law Clerks', 'Lawyers']",22.67,33.5,731,7,"731 Rechtsberatung, -sprechung und -ordnung['Judicial Law Clerks', 'Lawyers']",731,3800.0,4348.0,3220.0
732 Verwaltung,"['Tax Examiners and Collectors, and Revenue Agents', 'Tax Preparers']",18.99,56.0,732,7,"732 Verwaltung['Tax Examiners and Collectors, and Revenue Agents', 'Tax Preparers']",732,3674.0,3726.0,3582.0
732 Verwaltung,"['Eligibility Interviewers, Government Programs']",18.99,56.0,732,7,"732 Verwaltung['Eligibility Interviewers, Government Programs']",732,3674.0,3726.0,3582.0
732 Verwaltung,['Receptionists and Information Clerks'],18.99,52.0,732,7,732 Verwaltung['Receptionists and Information Clerks'],732,3674.0,3726.0,3582.0
732 Verwaltung,"['Production, Planning, and Expediting Clerks']",18.99,52.0,732,7,"732 Verwaltung['Production, Planning, and Expediting Clerks']",732,3674.0,3726.0,3582.0
732 Verwaltung,['Administrative Services Managers'],18.99,45.0,732,7,732 Verwaltung['Administrative Services Managers'],732,3674.0,3726.0,3582.0
733 Medien-Dokumentations-Informationsdienst,"['Interviewers, Except Eligibility and Loan']",19.18,73.0,733,7,"733 Medien-Dokumentations-Informationsdienst['Interviewers, Except Eligibility and Loan']",733,3593.0,3469.0,3293.0
733 Medien-Dokumentations-Informationsdienst,['Library Technicians'],19.18,62.0,733,7,733 Medien-Dokumentations-Informationsdienst['Library Technicians'],733,3593.0,3469.0,3293.0
733 Medien-Dokumentations-Informationsdienst,"['Library Science Teachers, Postsecondary', 'Education Teachers, Postsecondary']",19.18,42.5,733,7,"733 Medien-Dokumentations-Informationsdienst['Library Science Teachers, Postsecondary', 'Education Teachers, Postsecondary']",733,3593.0,3469.0,3293.0
733 Medien-Dokumentations-Informationsdienst,"['Library Assistants, Clerical']",19.18,73.0,733,7,"733 Medien-Dokumentations-Informationsdienst['Library Assistants, Clerical']",733,3593.0,3469.0,3293.0
733 Medien-Dokumentations-Informationsdienst,['Librarians'],19.18,52.0,733,7,733 Medien-Dokumentations-Informationsdienst['Librarians'],733,3593.0,3469.0,3293.0
733 Medien-Dokumentations-Informationsdienst,"['Archivists', 'Curators', 'Museum Technicians and Conservators']",19.18,47.66666667,733,7,"733 Medien-Dokumentations-Informationsdienst['Archivists', 'Curators', 'Museum Technicians and Conservators']",733,3593.0,3469.0,3293.0
811 Arzt- und Praxishilfe,['Podiatrists'],11.99,95.0,811,8,811 Arzt- und Praxishilfe['Podiatrists'],811,2228.0,2206.0,1983.0
811 Arzt- und Praxishilfe,"['Physician Assistants', 'Anesthesiologist Assistants']",11.99,88.0,811,8,"811 Arzt- und Praxishilfe['Physician Assistants', 'Anesthesiologist Assistants']",811,2228.0,2206.0,1983.0
812 Medizinisches Laboratorium,"['Diagnostic Medical Sonographers', 'Radiologic Technologists', 'Nuclear Medicine Technologists', 'Cardiovascular Technologists and Technicians', 'Magnetic Resonance Imaging Technologists']",18.47,88.6,812,8,"812 Medizinisches Laboratorium['Diagnostic Medical Sonographers', 'Radiologic Technologists', 'Nuclear Medicine Technologists', 'Cardiovascular Technologists and Technicians', 'Magnetic Resonance Imaging Technologists']",812,3523.0,3565.0,2960.0
812 Medizinisches Laboratorium,"['Medical and Clinical Laboratory Technologists', 'Cytotechnologists', 'Medical and Clinical Laboratory Technicians', 'Histotechnologists and Histologic Technicians', 'Cytogenetic Technologists']",18.47,62.4,812,8,"812 Medizinisches Laboratorium['Medical and Clinical Laboratory Technologists', 'Cytotechnologists', 'Medical and Clinical Laboratory Technicians', 'Histotechnologists and Histologic Technicians', 'Cytogenetic Technologists']",812,3523.0,3565.0,2960.0
812 Medizinisches Laboratorium,"['Ophthalmic Laboratory Technicians', 'Medical Appliance Technicians', 'Dental Laboratory Technicians']",18.47,62.33333333,812,8,"812 Medizinisches Laboratorium['Ophthalmic Laboratory Technicians', 'Medical Appliance Technicians', 'Dental Laboratory Technicians']",812,3523.0,3565.0,2960.0
"813 Gesundh.,Krankenpfl.,Rettungsd.Geburtsh.",['Nurse Midwives'],17.86,97.0,813,8,"813 Gesundh.,Krankenpfl.,Rettungsd.Geburtsh.['Nurse Midwives']",813,3392.0,3203.0,3047.0
"813 Gesundh.,Krankenpfl.,Rettungsd.Geburtsh.","['Ambulance Drivers and Attendants, Except Emergency Medical Technicians']",17.86,90.0,813,8,"813 Gesundh.,Krankenpfl.,Rettungsd.Geburtsh.['Ambulance Drivers and Attendants, Except Emergency Medical Technicians']",813,3392.0,3203.0,3047.0
"813 Gesundh.,Krankenpfl.,Rettungsd.Geburtsh.","['Registered Nurses', 'Advanced Practice Psychiatric Nurses', 'Clinical Nurse Specialists', 'Critical Care Nurses', 'Acute Care Nurses']",17.86,88.0,813,8,"813 Gesundh.,Krankenpfl.,Rettungsd.Geburtsh.['Registered Nurses', 'Advanced Practice Psychiatric Nurses', 'Clinical Nurse Specialists', 'Critical Care Nurses', 'Acute Care Nurses']",813,3392.0,3203.0,3047.0
"813 Gesundh.,Krankenpfl.,Rettungsd.Geburtsh.",['Nurse Practitioners'],17.86,85.0,813,8,"813 Gesundh.,Krankenpfl.,Rettungsd.Geburtsh.['Nurse Practitioners']",813,3392.0,3203.0,3047.0
"813 Gesundh.,Krankenpfl.,Rettungsd.Geburtsh.",['Emergency Management Directors'],17.86,52.0,813,8,"813 Gesundh.,Krankenpfl.,Rettungsd.Geburtsh.['Emergency Management Directors']",813,3392.0,3203.0,3047.0
"813 Gesundh.,Krankenpfl.,Rettungsd.Geburtsh.",['Emergency Medical Technicians and Paramedics'],17.86,97.0,813,8,"813 Gesundh.,Krankenpfl.,Rettungsd.Geburtsh.['Emergency Medical Technicians and Paramedics']",813,3392.0,3203.0,3047.0
"813 Gesundh.,Krankenpfl.,Rettungsd.Geburtsh.",['Nurse Anesthetists'],17.86,87.0,813,8,"813 Gesundh.,Krankenpfl.,Rettungsd.Geburtsh.['Nurse Anesthetists']",813,3392.0,3203.0,3047.0
814 Human- und Zahnmedizin,"['Orthotists and Prosthetists', 'Neurodiagnostic Technologists', 'Surgical Assistants', 'Radiologic Technicians', 'Hearing Aid Specialists', 'Ophthalmic Medical Technologists']",36.96,91.33333333,814,8,"814 Human- und Zahnmedizin['Orthotists and Prosthetists', 'Neurodiagnostic Technologists', 'Surgical Assistants', 'Radiologic Technicians', 'Hearing Aid Specialists', 'Ophthalmic Medical Technologists']",814,,5800.0,
814 Human- und Zahnmedizin,['Dental Hygienists'],36.96,100.0,814,8,814 Human- und Zahnmedizin['Dental Hygienists'],814,,5800.0,
814 Human- und Zahnmedizin,"['Orthodontists', 'Oral and Maxillofacial Surgeons', 'Prosthodontists', 'Dentists, General']",36.96,97.0,814,8,"814 Human- und Zahnmedizin['Orthodontists', 'Oral and Maxillofacial Surgeons', 'Prosthodontists', 'Dentists, General']",814,,5800.0,
814 Human- und Zahnmedizin,"['Anesthesiologists', 'Hospitalists', 'Nuclear Medicine Physicians', 'Ophthalmologists', 'Pediatricians, General', 'Internists, General', 'Physical Medicine and Rehabilitation Physicians', 'Dermatologists', 'Neurologists', 'Sports Medicine Physicians', 'Pathologists', 'Psychiatrists', 'Urologists', 'Radiologists', 'Preventive Medicine Physicians', 'Allergists and Immunologists', 'Family and General Practitioners', 'Surgeons', 'Obstetricians and Gynecologists']",36.96,83.05263158,814,8,"814 Human- und Zahnmedizin['Anesthesiologists', 'Hospitalists', 'Nuclear Medicine Physicians', 'Ophthalmologists', 'Pediatricians, General', 'Internists, General', 'Physical Medicine and Rehabilitation Physicians', 'Dermatologists', 'Neurologists', 'Sports Medicine Physicians', 'Pathologists', 'Psychiatrists', 'Urologists', 'Radiologists', 'Preventive Medicine Physicians', 'Allergists and Immunologists', 'Family and General Practitioners', 'Surgeons', 'Obstetricians and Gynecologists']",814,,5800.0,
815 Tiermedizin und Tierheilkunde,['Veterinarians'],19.89,91.0,815,8,815 Tiermedizin und Tierheilkunde['Veterinarians'],815,3756.0,,
"816 Psychologie, nichtärztl. Psychotherapie","['School Psychologists', 'Neuropsychologists and Clinical Neuropsychologists', 'Industrial-Organizational Psychologists', 'Clinical Psychologists', 'Counseling Psychologists']",24.08,55.2,816,8,"816 Psychologie, nichtärztl. Psychotherapie['School Psychologists', 'Neuropsychologists and Clinical Neuropsychologists', 'Industrial-Organizational Psychologists', 'Clinical Psychologists', 'Counseling Psychologists']",816,4303.0,4178.0,
817 Nicht ärztliche Therapie und Heilkunde,"['Speech-Language Pathologists', 'Physical Therapists', 'Respiratory Therapists', 'Exercise Physiologists', 'Low Vision Therapists, Orientation and Mobility Specialists, and Vision Rehabilitation Therapists', 'Art Therapists', 'Radiation Therapists', 'Music Therapists', 'Recreational Therapists', 'Occupational Therapists']",13.29,88.9,817,8,"817 Nicht ärztliche Therapie und Heilkunde['Speech-Language Pathologists', 'Physical Therapists', 'Respiratory Therapists', 'Exercise Physiologists', 'Low Vision Therapists, Orientation and Mobility Specialists, and Vision Rehabilitation Therapists', 'Art Therapists', 'Radiation Therapists', 'Music Therapists', 'Recreational Therapists', 'Occupational Therapists']",817,2434.0,2475.0,2202.0
817 Nicht ärztliche Therapie und Heilkunde,"['Respiratory Therapy Technicians', 'Surgical Technologists', 'Ophthalmic Medical Technicians', 'Pharmacy Technicians', 'Veterinary Technologists and Technicians', 'Psychiatric Technicians', 'Dietetic Technicians']",13.29,87.42857143,817,8,"817 Nicht ärztliche Therapie und Heilkunde['Respiratory Therapy Technicians', 'Surgical Technologists', 'Ophthalmic Medical Technicians', 'Pharmacy Technicians', 'Veterinary Technologists and Technicians', 'Psychiatric Technicians', 'Dietetic Technicians']",817,2434.0,2475.0,2202.0
817 Nicht ärztliche Therapie und Heilkunde,"['Occupational Therapy Assistants', 'Occupational Therapy Aides']",13.29,86.5,817,8,"817 Nicht ärztliche Therapie und Heilkunde['Occupational Therapy Assistants', 'Occupational Therapy Aides']",817,2434.0,2475.0,2202.0
817 Nicht ärztliche Therapie und Heilkunde,['Chiropractors'],13.29,96.0,817,8,817 Nicht ärztliche Therapie und Heilkunde['Chiropractors'],817,2434.0,2475.0,2202.0
817 Nicht ärztliche Therapie und Heilkunde,"['Physical Therapist Aides', 'Physical Therapist Assistants']",13.29,94.5,817,8,"817 Nicht ärztliche Therapie und Heilkunde['Physical Therapist Aides', 'Physical Therapist Assistants']",817,2434.0,2475.0,2202.0
817 Nicht ärztliche Therapie und Heilkunde,"['Acupuncturists', 'Orthoptists', 'Naturopathic Physicians']",13.29,90.0,817,8,"817 Nicht ärztliche Therapie und Heilkunde['Acupuncturists', 'Orthoptists', 'Naturopathic Physicians']",817,2434.0,2475.0,2202.0
817 Nicht ärztliche Therapie und Heilkunde,['Massage Therapists'],13.29,89.0,817,8,817 Nicht ärztliche Therapie und Heilkunde['Massage Therapists'],817,2434.0,2475.0,2202.0
818 Pharmazie,"['Pharmacy Aides', 'Speech-Language Pathology Assistants', 'Dental Assistants', 'Medical Equipment Preparers', 'Endoscopy Technicians', 'Phlebotomists', 'Medical Assistants', 'Medical Transcriptionists', 'Veterinary Assistants and Laboratory Animal Caretakers']",20.8,79.22222222,818,8,"818 Pharmazie['Pharmacy Aides', 'Speech-Language Pathology Assistants', 'Dental Assistants', 'Medical Equipment Preparers', 'Endoscopy Technicians', 'Phlebotomists', 'Medical Assistants', 'Medical Transcriptionists', 'Veterinary Assistants and Laboratory Animal Caretakers']",818,3876.0,5580.0,3040.0
818 Pharmazie,['Pharmacists'],20.8,72.0,818,8,818 Pharmazie['Pharmacists'],818,3876.0,5580.0,3040.0
821 Altenpflege,['Licensed Practical and Licensed Vocational Nurses'],14.06,90.0,821,8,821 Altenpflege['Licensed Practical and Licensed Vocational Nurses'],821,2645.0,2458.0,2299.0
821 Altenpflege,['Personal Care Aides'],14.06,86.0,821,8,821 Altenpflege['Personal Care Aides'],821,2645.0,2458.0,2299.0
"822 Ernährungs-,Gesundheitsberatung,Wellness","['Social and Human Service Assistants', 'Community Health Workers', 'Health Educators', 'Probation Officers and Correctional Treatment Specialists']",17.79,69.0,822,8,"822 Ernährungs-,Gesundheitsberatung,Wellness['Social and Human Service Assistants', 'Community Health Workers', 'Health Educators', 'Probation Officers and Correctional Treatment Specialists']",822,3926.0,3953.0,
"822 Ernährungs-,Gesundheitsberatung,Wellness","['Patient Representatives', 'Customer Service Representatives']",17.79,67.0,822,8,"822 Ernährungs-,Gesundheitsberatung,Wellness['Patient Representatives', 'Customer Service Representatives']",822,3926.0,3953.0,
"822 Ernährungs-,Gesundheitsberatung,Wellness",['Medical and Health Services Managers'],17.79,45.0,822,8,"822 Ernährungs-,Gesundheitsberatung,Wellness['Medical and Health Services Managers']",822,3926.0,3953.0,
823 Körperpflege,"['Barbers', 'Hairdressers, Hairstylists, and Cosmetologists']",8.77,93.5,823,8,"823 Körperpflege['Barbers', 'Hairdressers, Hairstylists, and Cosmetologists']",823,1637.0,1577.0,1492.0
823 Körperpflege,"['Makeup Artists, Theatrical and Performance', 'Manicurists and Pedicurists', 'Shampooers', 'Skincare Specialists']",8.77,91.5,823,8,"823 Körperpflege['Makeup Artists, Theatrical and Performance', 'Manicurists and Pedicurists', 'Shampooers', 'Skincare Specialists']",823,1637.0,1577.0,1492.0
824 Bestattungswesen,['Funeral Attendants'],12.92,79.0,824,8,824 Bestattungswesen['Funeral Attendants'],824,2695.0,,
824 Bestattungswesen,['Embalmers'],12.92,64.0,824,8,824 Bestattungswesen['Embalmers'],824,2695.0,,
824 Bestattungswesen,['Funeral Service Managers'],12.92,60.0,824,8,824 Bestattungswesen['Funeral Service Managers'],824,2695.0,,
824 Bestattungswesen,"['Morticians, Undertakers, and Funeral Directors']",12.92,72.0,824,8,"824 Bestattungswesen['Morticians, Undertakers, and Funeral Directors']",824,2695.0,,
"825 Medizin-, Orthopädie- und Rehatechnik",['Optometrists'],14.05,90.0,825,8,"825 Medizin-, Orthopädie- und Rehatechnik['Optometrists']",825,2670.0,2626.0,2297.0
"825 Medizin-, Orthopädie- und Rehatechnik","['Opticians, Dispensing']",14.05,83.0,825,8,"825 Medizin-, Orthopädie- und Rehatechnik['Opticians, Dispensing']",825,2670.0,2626.0,2297.0
"825 Medizin-, Orthopädie- und Rehatechnik",['Audiologists'],14.05,67.0,825,8,"825 Medizin-, Orthopädie- und Rehatechnik['Audiologists']",825,2670.0,2626.0,2297.0
"831 Erziehung,Sozialarb.,Heilerziehungspfl.","['Rehabilitation Counselors', 'Substance Abuse and Behavioral Disorder Counselors', 'Mental Health Counselors', 'Educational, Guidance, School, and Vocational Counselors', 'Marriage and Family Therapists']",16.9,61.6,831,8,"831 Erziehung,Sozialarb.,Heilerziehungspfl.['Rehabilitation Counselors', 'Substance Abuse and Behavioral Disorder Counselors', 'Mental Health Counselors', 'Educational, Guidance, School, and Vocational Counselors', 'Marriage and Family Therapists']",831,3402.0,3224.0,3076.0
"831 Erziehung,Sozialarb.,Heilerziehungspfl.","['Kindergarten Teachers, Except Special Education', 'Preschool Teachers, Except Special Education']",16.9,81.0,831,8,"831 Erziehung,Sozialarb.,Heilerziehungspfl.['Kindergarten Teachers, Except Special Education', 'Preschool Teachers, Except Special Education']",831,3402.0,3224.0,3076.0
"831 Erziehung,Sozialarb.,Heilerziehungspfl.","['Childcare Workers', 'Nannies']",16.9,75.0,831,8,"831 Erziehung,Sozialarb.,Heilerziehungspfl.['Childcare Workers', 'Nannies']",831,3402.0,3224.0,3076.0
832 Hauswirtschaft und Verbraucherberatung,"['Home Health Aides', 'Nursing Assistants', 'Orderlies', 'Psychiatric Aides']",12.47,90.25,832,8,"832 Hauswirtschaft und Verbraucherberatung['Home Health Aides', 'Nursing Assistants', 'Orderlies', 'Psychiatric Aides']",832,2142.0,1793.0,1764.0
833 Theologie und Gemeindearbeit,['Clergy'],23.78,55.0,833,8,833 Theologie und Gemeindearbeit['Clergy'],833,4355.0,,
841 Lehrtätigkeit an allgemeinbild. Schulen,['Teacher Assistants'],24.77,88.0,841,8,841 Lehrtätigkeit an allgemeinbild. Schulen['Teacher Assistants'],841,4915.0,5346.0,3905.0
841 Lehrtätigkeit an allgemeinbild. Schulen,['Tutors'],24.77,81.0,841,8,841 Lehrtätigkeit an allgemeinbild. Schulen['Tutors'],841,4915.0,5346.0,3905.0
841 Lehrtätigkeit an allgemeinbild. Schulen,"['Middle School Teachers, Except Special and Career/Technical Education', 'Career/Technical Education Teachers, Middle School', 'Elementary School Teachers, Except Special Education']",24.77,75.66666667,841,8,"841 Lehrtätigkeit an allgemeinbild. Schulen['Middle School Teachers, Except Special and Career/Technical Education', 'Career/Technical Education Teachers, Middle School', 'Elementary School Teachers, Except Special Education']",841,4915.0,5346.0,3905.0
841 Lehrtätigkeit an allgemeinbild. Schulen,"['History Teachers, Postsecondary', 'Art, Drama, and Music Teachers, Postsecondary', 'English Language and Literature Teachers, Postsecondary', 'Communications Teachers, Postsecondary', 'Philosophy and Religion Teachers, Postsecondary', 'Foreign Language and Literature Teachers, Postsecondary']",24.77,51.5,841,8,"841 Lehrtätigkeit an allgemeinbild. Schulen['History Teachers, Postsecondary', 'Art, Drama, and Music Teachers, Postsecondary', 'English Language and Literature Teachers, Postsecondary', 'Communications Teachers, Postsecondary', 'Philosophy and Religion Teachers, Postsecondary', 'Foreign Language and Literature Teachers, Postsecondary']",841,4915.0,5346.0,3905.0
841 Lehrtätigkeit an allgemeinbild. Schulen,"['Vocational Education Teachers, Postsecondary', 'Graduate Teaching Assistants', 'Home Economics Teachers, Postsecondary', 'Recreation and Fitness Studies Teachers, Postsecondary']",24.77,60.75,841,8,"841 Lehrtätigkeit an allgemeinbild. Schulen['Vocational Education Teachers, Postsecondary', 'Graduate Teaching Assistants', 'Home Economics Teachers, Postsecondary', 'Recreation and Fitness Studies Teachers, Postsecondary']",841,4915.0,5346.0,3905.0
"842 Lehrt.berufsb.Fächer,betr.Ausb.,Betr.päd",['Adult Basic and Secondary Education and Literacy Teachers and Instructors'],25.24,80.0,842,8,"842 Lehrt.berufsb.Fächer,betr.Ausb.,Betr.päd['Adult Basic and Secondary Education and Literacy Teachers and Instructors']",842,4417.0,5263.0,3510.0
"842 Lehrt.berufsb.Fächer,betr.Ausb.,Betr.päd","['Career/Technical Education Teachers, Secondary School', 'Secondary School Teachers, Except Special and Career/Technical Education']",25.24,73.5,842,8,"842 Lehrt.berufsb.Fächer,betr.Ausb.,Betr.päd['Career/Technical Education Teachers, Secondary School', 'Secondary School Teachers, Except Special and Career/Technical Education']",842,4417.0,5263.0,3510.0
"842 Lehrt.berufsb.Fächer,betr.Ausb.,Betr.päd","['Education Administrators, Postsecondary', 'Fitness and Wellness Coordinators', 'Distance Learning Coordinators', 'Education Administrators, Preschool and Childcare Center/Program', 'Education Administrators, Elementary and Secondary School']",25.24,55.6,842,8,"842 Lehrt.berufsb.Fächer,betr.Ausb.,Betr.päd['Education Administrators, Postsecondary', 'Fitness and Wellness Coordinators', 'Distance Learning Coordinators', 'Education Administrators, Preschool and Childcare Center/Program', 'Education Administrators, Elementary and Secondary School']",842,4417.0,5263.0,3510.0
"842 Lehrt.berufsb.Fächer,betr.Ausb.,Betr.päd","['Instructional Coordinators', 'Instructional Designers and Technologists']",25.24,51.5,842,8,"842 Lehrt.berufsb.Fächer,betr.Ausb.,Betr.päd['Instructional Coordinators', 'Instructional Designers and Technologists']",842,4417.0,5263.0,3510.0
"842 Lehrt.berufsb.Fächer,betr.Ausb.,Betr.päd","['Geography Teachers, Postsecondary', 'Anthropology and Archeology Teachers, Postsecondary', 'Sociology Teachers, Postsecondary', 'Psychology Teachers, Postsecondary', 'Economics Teachers, Postsecondary', 'Political Science Teachers, Postsecondary', 'Area, Ethnic, and Cultural Studies Teachers, Postsecondary']",25.24,45.28571429,842,8,"842 Lehrt.berufsb.Fächer,betr.Ausb.,Betr.päd['Geography Teachers, Postsecondary', 'Anthropology and Archeology Teachers, Postsecondary', 'Sociology Teachers, Postsecondary', 'Psychology Teachers, Postsecondary', 'Economics Teachers, Postsecondary', 'Political Science Teachers, Postsecondary', 'Area, Ethnic, and Cultural Studies Teachers, Postsecondary']",842,4417.0,5263.0,3510.0
"842 Lehrt.berufsb.Fächer,betr.Ausb.,Betr.päd","['Nursing Instructors and Teachers, Postsecondary', 'Health Specialties Teachers, Postsecondary']",25.24,60.0,842,8,"842 Lehrt.berufsb.Fächer,betr.Ausb.,Betr.päd['Nursing Instructors and Teachers, Postsecondary', 'Health Specialties Teachers, Postsecondary']",842,4417.0,5263.0,3510.0
"843 Lehr-,Forschungstätigkeit an Hochschulen","['Architecture Teachers, Postsecondary', 'Engineering Teachers, Postsecondary']",27.13,54.5,843,8,"843 Lehr-,Forschungstätigkeit an Hochschulen['Architecture Teachers, Postsecondary', 'Engineering Teachers, Postsecondary']",843,4685.0,4786.0,4475.0
"843 Lehr-,Forschungstätigkeit an Hochschulen","['Mathematical Science Teachers, Postsecondary', 'Computer Science Teachers, Postsecondary']",27.13,53.5,843,8,"843 Lehr-,Forschungstätigkeit an Hochschulen['Mathematical Science Teachers, Postsecondary', 'Computer Science Teachers, Postsecondary']",843,4685.0,4786.0,4475.0
"843 Lehr-,Forschungstätigkeit an Hochschulen","['Atmospheric, Earth, Marine, and Space Sciences Teachers, Postsecondary', 'Chemistry Teachers, Postsecondary', 'Environmental Science Teachers, Postsecondary', 'Physics Teachers, Postsecondary']",27.13,46.75,843,8,"843 Lehr-,Forschungstätigkeit an Hochschulen['Atmospheric, Earth, Marine, and Space Sciences Teachers, Postsecondary', 'Chemistry Teachers, Postsecondary', 'Environmental Science Teachers, Postsecondary', 'Physics Teachers, Postsecondary']",843,4685.0,4786.0,4475.0
"843 Lehr-,Forschungstätigkeit an Hochschulen","['Social Work Teachers, Postsecondary', 'Law Teachers, Postsecondary', 'Criminal Justice and Law Enforcement Teachers, Postsecondary']",27.13,44.0,843,8,"843 Lehr-,Forschungstätigkeit an Hochschulen['Social Work Teachers, Postsecondary', 'Law Teachers, Postsecondary', 'Criminal Justice and Law Enforcement Teachers, Postsecondary']",843,4685.0,4786.0,4475.0
"843 Lehr-,Forschungstätigkeit an Hochschulen","['Business Teachers, Postsecondary']",27.13,48.0,843,8,"843 Lehr-,Forschungstätigkeit an Hochschulen['Business Teachers, Postsecondary']",843,4685.0,4786.0,4475.0
844 Lehrtätigk. außerschul.Bildungseinricht.,"['Directors, Religious Activities and Education']",20.93,48.0,844,8,"844 Lehrtätigk. außerschul.Bildungseinricht.['Directors, Religious Activities and Education']",844,3840.0,3295.0,3668.0
"845 Fahr-,Sportunterricht außerschul. Bild.","['Adapted Physical Education Specialists', 'Special Education Teachers, Kindergarten and Elementary School', 'Special Education Teachers, Secondary School', 'Special Education Teachers, Preschool', 'Special Education Teachers, Middle School']",14.46,83.0,845,8,"845 Fahr-,Sportunterricht außerschul. Bild.['Adapted Physical Education Specialists', 'Special Education Teachers, Kindergarten and Elementary School', 'Special Education Teachers, Secondary School', 'Special Education Teachers, Preschool', 'Special Education Teachers, Middle School']",845,2623.0,2411.0,2126.0
"845 Fahr-,Sportunterricht außerschul. Bild.","['Fitness Trainers and Aerobics Instructors', 'Recreation Workers']",14.46,77.5,845,8,"845 Fahr-,Sportunterricht außerschul. Bild.['Fitness Trainers and Aerobics Instructors', 'Recreation Workers']",845,2623.0,2411.0,2126.0
"845 Fahr-,Sportunterricht außerschul. Bild.","['Umpires, Referees, and Other Sports Officials', 'Coaches and Scouts', 'Athletes and Sports Competitors']",14.46,68.0,845,8,"845 Fahr-,Sportunterricht außerschul. Bild.['Umpires, Referees, and Other Sports Officials', 'Coaches and Scouts', 'Athletes and Sports Competitors']",845,2623.0,2411.0,2126.0
913 Gesellschaftswissenschaften,['Survey Researchers'],19.73,40.0,913,9,913 Gesellschaftswissenschaften['Survey Researchers'],913,3581.0,4188.0,2783.0
913 Gesellschaftswissenschaften,['Market Research Analysts and Marketing Specialists'],19.73,36.0,913,9,913 Gesellschaftswissenschaften['Market Research Analysts and Marketing Specialists'],913,3581.0,4188.0,2783.0
913 Gesellschaftswissenschaften,['Sociologists'],19.73,40.0,913,9,913 Gesellschaftswissenschaften['Sociologists'],913,3581.0,4188.0,2783.0
921 Werbung und Marketing,['Advertising Sales Agents'],19.64,55.0,921,9,921 Werbung und Marketing['Advertising Sales Agents'],921,3792.0,3060.0,2325.0
921 Werbung und Marketing,['Advertising and Promotions Managers'],19.64,46.0,921,9,921 Werbung und Marketing['Advertising and Promotions Managers'],921,3792.0,3060.0,2325.0
922 Öffentlichkeitsarbeit,['Public Relations Specialists'],24.45,46.0,922,9,922 Öffentlichkeitsarbeit['Public Relations Specialists'],922,4547.0,4077.0,
922 Öffentlichkeitsarbeit,['Public Relations and Fundraising Managers'],24.45,38.0,922,9,922 Öffentlichkeitsarbeit['Public Relations and Fundraising Managers'],922,4547.0,4077.0,
924 Redaktion und Journalismus,"['Reporters and Correspondents', 'Broadcast News Analysts']",25.24,60.0,924,9,"924 Redaktion und Journalismus['Reporters and Correspondents', 'Broadcast News Analysts']",924,4320.0,3801.0,3523.0
924 Redaktion und Journalismus,"['Technical Writers', 'Copy Writers', 'Poets, Lyricists and Creative Writers', 'Editors']",25.24,39.75,924,9,"924 Redaktion und Journalismus['Technical Writers', 'Copy Writers', 'Poets, Lyricists and Creative Writers', 'Editors']",924,4320.0,3801.0,3523.0
933 Kunsthandwerk und bildende Kunst,"['Craft Artists', 'Art Directors', 'Fine Artists, Including Painters, Sculptors, and Illustrators', 'Multimedia Artists and Animators']",12.59,38.75,933,9,"933 Kunsthandwerk und bildende Kunst['Craft Artists', 'Art Directors', 'Fine Artists, Including Painters, Sculptors, and Illustrators', 'Multimedia Artists and Animators']",933,3379.0,,
935 Kunsthandwerkliche Metallgestaltung,"['Gem and Diamond Workers', 'Jewelers', 'Precious Metal Workers']",13.42,54.33333333,935,9,"935 Kunsthandwerkliche Metallgestaltung['Gem and Diamond Workers', 'Jewelers', 'Precious Metal Workers']",935,2555.0,,
"941 Musik-, Gesang-, Dirigententätigkeiten","['Singers', 'Music Directors', 'Musicians, Instrumental', 'Music Composers and Arrangers']",24.93,67.25,941,9,"941 Musik-, Gesang-, Dirigententätigkeiten['Singers', 'Music Directors', 'Musicians, Instrumental', 'Music Composers and Arrangers']",941,4741.0,5800.0,
943 Moderation und Unterhaltung,"['Gaming and Sports Book Writers and Runners', 'Gaming Dealers']",19.02,86.5,943,9,"943 Moderation und Unterhaltung['Gaming and Sports Book Writers and Runners', 'Gaming Dealers']",943,2828.0,,
943 Moderation und Unterhaltung,"['Public Address System and Other Announcers', 'Radio and Television Announcers']",19.02,62.5,943,9,"943 Moderation und Unterhaltung['Public Address System and Other Announcers', 'Radio and Television Announcers']",943,2828.0,,
"944 Theater-, Film- und Fernsehproduktion","['Agents and Business Managers of Artists, Performers, and Athletes']",18.95,43.0,944,9,"944 Theater-, Film- und Fernsehproduktion['Agents and Business Managers of Artists, Performers, and Athletes']",944,3792.0,3595.0,
"945 Veranstaltungs-, Kamera-, Tontechnik","['Camera Operators, Television, Video, and Motion Picture', 'Film and Video Editors']",17.61,58.5,945,9,"945 Veranstaltungs-, Kamera-, Tontechnik['Camera Operators, Television, Video, and Motion Picture', 'Film and Video Editors']",945,3495.0,3381.0,3233.0
"945 Veranstaltungs-, Kamera-, Tontechnik","['Sound Engineering Technicians', 'Broadcast Technicians', 'Radio Operators', 'Audio and Video Equipment Technicians']",17.61,60.5,945,9,"945 Veranstaltungs-, Kamera-, Tontechnik['Sound Engineering Technicians', 'Broadcast Technicians', 'Radio Operators', 'Audio and Video Equipment Technicians']",945,3495.0,3381.0,3233.0
